1;ACACIAS;A-PRUEBA ACACIAS (Ver Más..);CALLE 15 # 21 - 04 COOPERATIVO;A-PRUEBA ACACIAS (Ver Más..);ACACIAS;3,9880816;  -74.04671710000002
2;ACACIAS;CRC 30 ACACIAS (Ver Más..);CALLE 15N 16 68 CENTRO;CRC 30 ACACIAS (Ver Más..);ACACIAS;3,9876253;-73,7600207
3;AGUACHICA CESAR;IPS A PRUEBA AGUACHICA EU (Ver Más..);CALLE 3 15 71;IPS A PRUEBA AGUACHICA EU (Ver Más..);AGUACHICA CESAR;8,3113562;-73,6185192
4;AGUAZUL;CENTRO DE RECONOCIMIENTO DE CONDUCTORES EXAMINAR LTDA (Ver Más..);CALLE 9 #19 18;CENTRO DE RECONOCIMIENTO DE CONDUCTORES EXAMINAR LTDA (Ver Más..);AGUAZUL;5.171409499999999;-72.55201339999996
5;ANSERMA;CERTICONDUCCION SAS (Ver Más..);CARRERA 5 10 31;CERTICONDUCCION SAS (Ver Más..);ANSERMA;5.23196;-75.78715
6;APARTADO;CAFIMCO URABA EU (Ver Más..);CALLE 100 105 33 PISO 2;CAFIMCO URABA EU (Ver Más..);APARTADO;19.440111;-99.1294406
7;APARTADO;INPROSALUD OE09 - APARTADO (Ver Más..);CALLE 107 # 100 - 50;INPROSALUD OE09 - APARTADO (Ver Más..);APARTADO;21.1582873; -86.86261360000003
8;ARAUCA;EVALUANDO ARAUCA (Ver Más..);CARRERA 19 # 17 - 04;EVALUANDO ARAUCA (Ver Más..);ARAUCA;7.0826228;-70.7564034
9;ARMENIA;CENTRO DE RECONOCIMIENTO DE CONDUCTORES DE ARMENIA CRC PARQUE CAFETERO LIMITADA - CONDUSEG - CRC 090 ARMENIA (Ver Más..);CALLE 26 15 34 L 7 - 8;CENTRO DE RECONOCIMIENTO DE CONDUCTORES DE ARMENIA CRC PARQUE CAFETERO LIMITADA - CONDUSEG - CRC 090 ARMENIA (Ver Más..);ARMENIA;4.5265727; -75.68764490000001
10;ARMENIA;CRC TRANSITAR SAS (Ver Más..);CALLE 2 NORTE 18 47;CRC TRANSITAR SAS (Ver Más..);ARMENIA;4.5446185;-75.6682572
11;ARMENIA;EVALUANDO ARMENIA (Ver Más..);CALLE 26 # 15 - 39;EVALUANDO ARMENIA (Ver Más..);ARMENIA;4.5369038; -75.68368650000002
12;ARMENIA;SIMETRIC ARMENIA (Ver Más..);CARRERA 19 # 24-15;SIMETRIC ARMENIA (Ver Más..);ARMENIA;4.570327799999999; -75.6496353
13;ARMENIA;TEST DE SERVICIOS ESPECIALIZADOS SAS (Ver Más..);CALLE 26 17 35;TEST DE SERVICIOS ESPECIALIZADOS SAS (Ver Más..);ARMENIA;4.5261098; -75.68759390000002
14;BARBOSA;QUINTERO QUIROGA ASOCIADOS SAS (Ver Más..);CALLE 11 5 21 PISO 2;QUINTERO QUIROGA ASOCIADOS SAS (Ver Más..);BARBOSA;5.926692;-73.622773
15;BARRANCABERMEJA;CENTRO DE RECONOCIMIENTO DE CONDUCTORES EL PORTEÑO (Ver Más..);CALLE 49 3 07;CENTRO DE RECONOCIMIENTO DE CONDUCTORES EL PORTEÑO (Ver Más..);BARRANCABERMEJA;7.0593845;-73.8735525
16;BARRANCABERMEJA;CENTRO DE RECONOCIMIENTO DE CONDUCTORES FAMILIAS (Ver Más..);CARRERA 11 49 46;CENTRO DE RECONOCIMIENTO DE CONDUCTORES FAMILIAS (Ver Más..);BARRANCABERMEJA;7.0634345;-73.8643688
17;BARRANCABERMEJA;EVALUANDO BARRANCABERMEJA (Ver Más..);CARRERA 25 # 47 11 BARRIO RECARRERO;EVALUANDO BARRANCABERMEJA (Ver Más..);BARRANCABERMEJA;7.0578523; -73.85310429999998
18;BARRANQUILLA;A-PRUEBA BARRANQUILLA (Ver Más..);CARRERA 46 # 39 - 02;A-PRUEBA BARRANQUILLA (Ver Más..);BARRANQUILLA;11.0110661;-74.8395949
19;BARRANQUILLA;ACC DE LA COSTA (Ver Más..);CARRERA 46 # 48-91 LOCAL 2;ACC DE LA COSTA (Ver Más..);BARRANQUILLA;10.9302315; -74.78957509999998
20;BARRANQUILLA;CENTRO DE RECONOCIMIENTO DEL LITORAL IPS LTDA (Ver Más..);CARRERA 15 29 91;CENTRO DE RECONOCIMIENTO DEL LITORAL IPS LTDA (Ver Más..);BARRANQUILLA;10.9515809;-74.7858949
21;BARRANQUILLA;CERTICARIBE LTDA (Ver Más..);CR 59 72 47;CERTICARIBE LTDA (Ver Más..);BARRANQUILLA;10.9748371; -74.8021549
22;BARRANQUILLA;CERTIFICAR DE COLOMBIA SAS (Ver Más..);CALLE 38 # 45 - 82;CERTIFICAR DE COLOMBIA SAS (Ver Más..);BARRANQUILLA;10.9815153;-74.7808486
23;BARRANQUILLA;DIAGNOSTIPASE CARRERA 70 (Ver Más..);CARRERA 43 # 70-162;DIAGNOSTIPASE CARRERA 70 (Ver Más..);BARRANQUILLA;10.9827216;-74.7645105
24;BARRANQUILLA;DIAGNOSTIPASE COUNTRY (Ver Más..);CARRERA 59B # 77-11;DIAGNOSTIPASE COUNTRY (Ver Más..);BARRANQUILLA;11.0121374;-74.8133532
25;BARRANQUILLA;IPS CENTRO DE RECONOCIMIENTO DE CONDUCTORES CONDUSALUD SAS (Ver Más..);CARRERA 38 74 244 L1;IPS CENTRO DE RECONOCIMIENTO DE CONDUCTORES CONDUSALUD SAS (Ver Más..);BARRANQUILLA;10.974754; -74.77275359999999
26;BELLO;A-PRUEBA BELLO (Ver Más..);DIAGONAL 50 A # 42 - 95 P-1;A-PRUEBA BELLO (Ver Más..);BELLO;6.336267; -75.5487956
27;BOGOTA;A-PRUEBA AUTONORTE (Ver Más..);AUTOPISTA NORTE # 86-65;A-PRUEBA AUTONORTE (Ver Más..);BOGOTA;4.7089183;-74.0534569
28;BOGOTA;A-PRUEBA BOGOTA ALAMOS (Ver Más..);DIAGONAL 63 F # 88 - 54 P-2;A-PRUEBA BOGOTA ALAMOS (Ver Más..);BOGOTA;4.6864311; -74.11379139999997
29;BOGOTA;A-PRUEBA BOGOTA AV PRIMERO DE MAYO (Ver Más..);AVENIDA PRIMERO DE MAYO # 69 B - 22;A-PRUEBA BOGOTA AV PRIMERO DE MAYO (Ver Más..);BOGOTA;4.5967585; -74.11268810000001
30;BOGOTA;A-PRUEBA BOGOTA CEDRITOS (Ver Más..);CALLE 147 # 19-58 LC 29;A-PRUEBA BOGOTA CEDRITOS (Ver Más..);BOGOTA;4.7297896; -74.04680830000001
31;BOGOTA;A-PRUEBA BOGOTA NIZA (Ver Más..);AVENIDA SUBA # 124-32 LC 32;A-PRUEBA BOGOTA NIZA (Ver Más..);BOGOTA;4.708402; -74.0714122
32;BOGOTA;A-PRUEBA BOGOTA TEQUENDAMA (Ver Más..);CARRERA 10 # 27 - 51 LC 207;A-PRUEBA BOGOTA TEQUENDAMA (Ver Más..);BOGOTA;4.6143748; -74.06962959999998
33;BOGOTA;ACERTAR SOLUCIONES PRIMERO DE MAYO(Ver Más..);AVENIDA CALLE 26 SUR # 69A - 45;ACERTAR SOLUCIONES PRIMERO DE MAYO(Ver Más..);BOGOTA;4.608812299999999; -74.06647950000001
34;BOGOTA;ACERTAR SOLUCIONES SEVILLANA (Ver Más..);TRANSVERSAL 60 # 51 - 25 SUR;ACERTAR SOLUCIONES SEVILLANA (Ver Más..);BOGOTA;4.5823452; -74.1651731
35;BOGOTA;CENTRO DE EVALUACION MEDICA PORVIDA LTDA (Ver Más..);AVENIDA CALLE 9 50 15 LOCAL C 1060;CENTRO DE EVALUACION MEDICA PORVIDA LTDA (Ver Más..);BOGOTA;4.6029805; -74.0755375
36;BOGOTA;CENTRO DE RECONOCIMIENTO DE BOGOTA LTDA - CERTIBOGOTA LTDA (Ver Más..);CALLE 80 No 70f - 65 PISO 2;CENTRO DE RECONOCIMIENTO DE BOGOTA LTDA - CERTIBOGOTA LTDA (Ver Más..);BOGOTA;4.725543; -74.12469199999998
37;BOGOTA;CENTRO DE RECONOCIMIENTO DE CONDUCTORES HA 7 DE AGOSTO (Ver Más..);CALLE 67 27B 33/35;CENTRO DE RECONOCIMIENTO DE CONDUCTORES HA 7 DE AGOSTO (Ver Más..);BOGOTA;4.65939; -74.07190149999997
38;BOGOTA;CENTRO DE RECONOCIMIENTO DE CONDUCTORES LA PRIMERA (Ver Más..);CARRERA 69 B 25 SUR 01 AP BG 101;CENTRO DE RECONOCIMIENTO DE CONDUCTORES LA PRIMERA (Ver Más..);BOGOTA;4.619699499999999; -74.12922279999998
39;BOGOTA;CENTRO DE RECONOCIMIENTO DE CONDUCTORES SOBRE RUEDAS PALOQUEMAO (Ver Más..);CALLE 18 28A 08 P-2 PALOQUEMAO;CENTRO DE RECONOCIMIENTO DE CONDUCTORES SOBRE RUEDAS PALOQUEMAO (Ver Más..);BOGOTA;4.614003;-74.0875084
40;BOGOTA;CENTRO DE RECONOCIMIENTO DE CONDUCTORES VALIDAMOS (Ver Más..);CARRERA 18 19 51 SUR;CENTRO DE RECONOCIMIENTO DE CONDUCTORES VALIDAMOS (Ver Más..);BOGOTA;4.611679899999999; -74.07939290000002
41;BOGOTA;CENTRO DE RECONOCIMIENTO DEL CONDUCTOR CERTISALUD SAS (Ver Más..);AVENIDA CALLE 147 19 50 LC 18;CENTRO DE RECONOCIMIENTO DEL CONDUCTOR CERTISALUD SAS (Ver Más..);BOGOTA;4.729782399999999;  -74.04671710000002
42;BOGOTA;CENTRO DE RECONOCIMIENTO DEL VALLE LTDA (Ver Más..);CALLE 64G 90A 37;CENTRO DE RECONOCIMIENTO DEL VALLE LTDA (Ver Más..);BOGOTA;4.6895037;-74.1166022
43;BOGOTA;CERTICONDUCTORES S.A.S (Ver Más..);CALLE 146B 90-70 SUBA - DETRÁS ALCALDIA DE SUBA;CERTICONDUCTORES S.A.S (Ver Más..);BOGOTA;01/04/74; -74.08415860000002
44;BOGOTA;COMPAÑÍA MEDICA APOLO SAS (Ver Más..);CARRERA 19 12 51 L 1 - 386;COMPAÑÍA MEDICA APOLO SAS (Ver Más..);BOGOTA;3.5634247; -76.48989749999998
45;BOGOTA;CRC 10 EL POLO (Ver Más..);AUTOPISTA NORTE # 82 17;CRC 10 EL POLO (Ver Más..);BOGOTA;4.7052893;-74.0540346
46;BOGOTA;CRC ATENTO IPS LTDA (Ver Más..);TRANSVERSAL 60 124 20 L 6-9;CRC ATENTO IPS LTDA (Ver Más..);BOGOTA;4.5814393; -74.16554070000001
47;BOGOTA;CRC ORG (Ver Más..);CALLE 45 27A 12;CRC ORG (Ver Más..);BOGOTA;4.6343589;-74.0774843
48;BOGOTA;CRC SAN DIEGO (Ver Más..);CARRERA 6 BIS 26 51 OF 201;CRC SAN DIEGO (Ver Más..);BOGOTA;4.5814393; -74.16554070000001
49;BOGOTA;EVALUACION MEDICA PARA CONDUCTORES - EMC IPS SAS (Ver Más..);CARRERA 13 38 65 LOCAL 101;EVALUACION MEDICA PARA CONDUCTORES - EMC IPS SAS (Ver Más..);BOGOTA;4.626712299999999; -74.06734080000001
50;BOGOTA;EVALUANDO CHAPINERO (Ver Más..);CALLE 64 # 18 - 24 PISO 2;EVALUANDO CHAPINERO (Ver Más..);BOGOTA;4.6824503;-74.0432199
51;BOGOTA;FISIOS CENTRO DE TERAPIA SAS (Ver Más..);AVENIDA CARRERA 45 106 25 EL ESTORIL;FISIOS CENTRO DE TERAPIA SAS (Ver Más..);BOGOTA;4.6513693; -74.08289209999998
52;BOGOTA;GRUPO MEDICAS SEDE 1 (Ver Más..);CALLE 68 # 23 - 48;GRUPO MEDICAS SEDE 1 (Ver Más..);BOGOTA;4.6587506;-74.0692711
53;BOGOTA;GRUPO MEDICAS SEDE 2 (Ver Más..);AUTOPISTA NORTE # 232 - CC BIMA;GRUPO MEDICAS SEDE 2 (Ver Más..);BOGOTA;4.7930301; -74.04013479999998
54;BOGOTA;HABLENAUD LTDA (Ver Más..);CALLE 8 SUR 40 94;HABLENAUD LTDA (Ver Más..);BOGOTA;4.637437;-74.1390915
55;BOGOTA;INPROSALUD - SER CONDUCTOR GALERIAS LTDA (Ver Más..);CALLE 64 G # 90 A - 31 P2;INPROSALUD - SER CONDUCTOR GALERIAS LTDA (Ver Más..);BOGOTA;4.6950869; -74.121756
56;BOGOTA;INSTITUTO DE RECONOCIMIENTO DE PERSONAS IRP - ALAMOS (Ver Más..);DIAGONAL 63F 88A 29 LC 110;INSTITUTO DE RECONOCIMIENTO DE PERSONAS IRP - ALAMOS (Ver Más..);BOGOTA;4.6862067; -74.1140858
57;BOGOTA;INSTITUTO DE RECONOCIMIENTO DE PERSONAS IRP - BAHIA (Ver Más..);AVENIDA SUBA 124 20 LC 2 Y 8;INSTITUTO DE RECONOCIMIENTO DE PERSONAS IRP - BAHIA (Ver Más..);BOGOTA;4.7083252; -74.07139660000001
58;BOGOTA;INSTITUTO DE RECONOCIMIENTO DE PERSONAS IRP - CHAPINERO (Ver Más..);CALLE 59 13 62;INSTITUTO DE RECONOCIMIENTO DE PERSONAS IRP - CHAPINERO (Ver Más..);BOGOTA;4.6460839;-74.0647404
59;BOGOTA;INSTITUTO DE RECONOCIMIENTO DE PERSONAS IRP - GALERIAS (Ver Más..);CALLE 52 25 44;INSTITUTO DE RECONOCIMIENTO DE PERSONAS IRP - GALERIAS (Ver Más..);BOGOTA;4.6408777;-74.0749938
60;BOGOTA;INSTITUTO DE RECONOCIMIENTO DE PERSONAS IRP - RESTREPO (Ver Más..);CARRERA 17 19A 40 SUR;INSTITUTO DE RECONOCIMIENTO DE PERSONAS IRP - RESTREPO (Ver Más..);BOGOTA;4.610849099999999; -74.0788862
61;BOGOTA;INSTITUTO DE RECONOCIMIENTO DE PERSONAS IRP - SEVILLANA (Ver Más..);AVENIDA BOYACA # 51 41 SUR;INSTITUTO DE RECONOCIMIENTO DE PERSONAS IRP - SEVILLANA (Ver Más..);BOGOTA;4.573537; -74.1389749
62;BOGOTA;IPS CERTIFICATE BOGOTA LTDA (Ver Más..);DIAGONAL 63F 88 12;IPS CERTIFICATE BOGOTA LTDA (Ver Más..);BOGOTA;4.6861161;-74.1137284
63;BOGOTA;IPS PROFESIONALES EN SALUD SAS (Ver Más..);CARRERA 25 #51 37;IPS PROFESIONALES EN SALUD SAS (Ver Más..);BOGOTA;4.6402056;-74.074909
64;BOGOTA;IPS SALUD INTEGRAL LA SEVILLANA SAS (Ver Más..);AV BOYACA # 51A SUR -36;IPS SALUD INTEGRAL LA SEVILLANA SAS (Ver Más..);BOGOTA;4.5735857; -74.13890359999999
65;BOGOTA;IPS SALUD INTEGRAL SABANA SAS (Ver Más..);CRA 19 # 12-51 LC 162 PISO 2;IPS SALUD INTEGRAL SABANA SAS (Ver Más..);BOGOTA;4.60675; -74.0849308
66;BOGOTA;IPS VIA SERVIMEG SAS (Ver Más..);DG 63F 88 40;IPS VIA SERVIMEG SAS (Ver Más..);BOGOTA;4.6863261; -74.11377040000002
67;BOGOTA;KEYSTONE COLOMBIA SAS ALAMOS (Ver Más..);DIAGONAL 63 F # 88 A 29 P-2;KEYSTONE COLOMBIA SAS ALAMOS (Ver Más..);BOGOTA;4.643812; 4.643812
68;BOGOTA;KEYSTONE COLOMBIA SAS COLSUBSIDIO (Ver Más..);CALLE 27 A # 25 - 09;KEYSTONE COLOMBIA SAS COLSUBSIDIO (Ver Más..);BOGOTA;4.6231471; -74.07719559999998
69;BOGOTA;LAGUNA BAUTE CEDRITOS (Ver Más..);AVENIDA CARRERA 19 # 147-30 LOCAL 14;LAGUNA BAUTE CEDRITOS (Ver Más..);BOGOTA;4.7298916; -74.0450884
70;BOGOTA;LAGUNA BAUTE RESTREPO (Ver Más..);CARRERA 17 #18-14 SUR PISO 2;LAGUNA BAUTE RESTREPO (Ver Más..);BOGOTA;4.6099047; -74.07955099999998
71;BOGOTA;MEDI CAR IPS SAS (Ver Más..);CALLE 25 SUR 69 43;MEDI CAR IPS SAS (Ver Más..);BOGOTA;4.6221261;-74.0792986
72;BOGOTA;MEDIMETRIA ESPECIALIZADA LIMITADA (Ver Más..);CALLE 68 N° 23-17 PISO 1 - SIETE AGOSTO;MEDIMETRIA ESPECIALIZADA LIMITADA (Ver Más..);BOGOTA;4.6535173; -74.06119289999998
73;BOGOTA;PREVITEST CRA 30 (Ver Más..);CARRERA 29B BIS 67 62;PREVITEST CRA 30 (Ver Más..);BOGOTA;4.6279002; -74.12651149999999
74;BOGOTA;PREVITEST DISTRITAL (Ver Más..);AVENIDA CALLE 19 36 28;PREVITEST DISTRITAL (Ver Más..);BOGOTA;4.6229739; -74.0930836
75;BOGOTA;PREVITEST UNICENTRO (Ver Más..);CALLE 121 14A 55;PREVITEST UNICENTRO (Ver Más..);BOGOTA;4.7003092;-74.0409621
76;BOGOTA;SIMETRC AVENIDA PRIMERA DE MAYO (Ver Más..);AVENIDA PRIMERA DE MAYO Nº 70B - 24 P3 (BOGOTÁ);SIMETRC AVENIDA PRIMERA DE MAYO (Ver Más..);BOGOTA;4.6009993; -74.11865269999998
77;BOGOTA;SIMETRIC ALAMOS (Ver Más..);CALLE 64G 90A-95 (BOGOTÁ);SIMETRIC ALAMOS (Ver Más..);BOGOTA;4.6866666;-74.1129154
78;BOGOTA;SIMETRIC CEDRITOS (Ver Más..);CALLE 147 # 19-50 LOCAL 27 (BOGOTÁ);SIMETRIC CEDRITOS (Ver Más..);BOGOTA;4.729782399999999; -74.04671710000002
79;BOGOTA;SIMETRIC NORTE (Ver Más..);AVENIDA 19 # 122-33 (BOGOTÁ);SIMETRIC NORTE (Ver Más..);BOGOTA;4.6217788; -74.0920812
80;BOGOTA;SIMETRIC SUBA (Ver Más..);AVENIDA SUBA # 122 71 (BOGOTÁ);SIMETRIC SUBA (Ver Más..);BOGOTA;4.7074878; -74.07150030000003
81;BOGOTA;SIMETRIC TEQUENDAMA-GPS CONSULTORES(Ver Más..);CARRERA 10 # 27 -51 OFC 311-312;SIMETRIC TEQUENDAMA-GPS CONSULTORES(Ver Más..);BOGOTA;4.6143748; -74.06962959999998
82;BOGOTA;SU PASE 7 AGOSTO (Ver Más..);CALLE 68 # 23 - 11;SU PASE 7 AGOSTO (Ver Más..);BOGOTA;4.6585562;-74.0690853
83;BOGOTA;SU PASE CARVAJAL (Ver Más..);CARRERA 69 B # 24 A - 08 SUR;SU PASE CARVAJAL (Ver Más..);BOGOTA;4.6196565; -74.12926600000003
84;BOGOTA;SU PASE IPS SEVILLANA (Ver Más..);AV BOYACA # 50 - 27 SUR;SU PASE IPS SEVILLANA (Ver Más..);BOGOTA;4.573566; -74.1387947
85;BOGOTA;SU PASE NIZA (Ver Más..);AV SUBA #124 - 20 LOCAL 14 OF 212;SU PASE NIZA (Ver Más..);BOGOTA;4.7196285; -74.07344760000001
86;BOGOTA;TRANSMEDIC SAS (Ver Más..);CALLE 52 25 80;TRANSMEDIC SAS (Ver Más..);BOGOTA;4.6409348;-74.0752924
87;BUCARAMANGA;ACERCA CRC SANTANDER SA (Ver Más..);CARRERA 27A 48 118;ACERCA CRC SANTANDER SA (Ver Más..);BUCARAMANGA;7.1149011;-73.1146712
88;BUCARAMANGA;CENTRO CLINICO ALFA SALUD LTDA (Ver Más..);CALLE 43 35 28;CENTRO CLINICO ALFA SALUD LTDA (Ver Más..);BUCARAMANGA;7.1207271;-73.1099056
89;BUCARAMANGA;CONFIA CRC (Ver Más..);CARRERA 32 49 28;CONFIA CRC (Ver Más..);BUCARAMANGA;7.1150636;-73.1119934
90;BUCARAMANGA;EVALUANDO BUCARAMANGA (Ver Más..);CARRERA 34 # 52 - 62;EVALUANDO BUCARAMANGA (Ver Más..);BUCARAMANGA;7.1126538;-73.1096504
91;BUCARAMANGA;INSTITUTO CLINICO DE SALUD ICSA SAS (Ver Más..);CALLE 39 22 48;INSTITUTO CLINICO DE SALUD ICSA SAS (Ver Más..);BUCARAMANGA;7.1183261;-73.1195679
92;BUCARAMANGA;SALUD VIAL SA (Ver Más..);CALLE 58 30 85;SALUD VIAL SA (Ver Más..);BUCARAMANGA;7.1089087;-73.1110954
93;BUCARAMANGA;SERVISALUD I.P.S BUCARAMANGA (Ver Más..);CARRERA 33 # 48 - 66;SERVISALUD I.P.S BUCARAMANGA (Ver Más..);BUCARAMANGA;7.1159948;-73.1109741
94;BUCARAMANGA;SIMETRIC BUCARAMANGA (Ver Más..);CARRERA 33#52-40;SIMETRIC BUCARAMANGA (Ver Más..);BUCARAMANGA;7.1122098;-73.1101736
95;CAICEDONIA;CENTRO DE DIAGNOSTICO PSICOSENSOMETRICO DEL VALLE DEL CAUCA SAS (Ver Más..);CALLE 9 15 68;CENTRO DE DIAGNOSTICO PSICOSENSOMETRICO DEL VALLE DEL CAUCA SAS (Ver Más..);CAICEDONIA;4.332199;-75.829131
96;CALI;AVALAMOS CALI CRC LTDA 1 (Ver Más..);CLL 52 # 1B- 160 LC 102 - 103;AVALAMOS CALI CRC LTDA 1 (Ver Más..);CALI;4.7369179; -74.03068050000002
97;CALI;AVALAMOS CRC No. 2 (Ver Más..);CRA 3 # 58- 05 P 2;AVALAMOS CRC No. 2 (Ver Más..);CALI;3.4671208; -76.49640520000003
98;CALI;AVALAMOS CRC No. 3 (Ver Más..);CALLE 98 A # 25-130 LC 25-26;AVALAMOS CRC No. 3 (Ver Más..);CALI;3.4838791; -76.523439
99;CALI;CENTRO DE RECONOCIMIENTO DE CALI LTDA(Ver Más..);CARRERA 3 57 29 P 2;CENTRO DE RECONOCIMIENTO DE CALI LTDA(Ver Más..);CALI;3.4671058;-76.4968268
100;CALI;CENTRO DE RECONOCIMIENTO DE CONDUCTORES A-PRUEBA CALI AVENIDA 5 (Ver Más..);CALLE 5 46 83 LOCAL 201;CENTRO DE RECONOCIMIENTO DE CONDUCTORES A-PRUEBA CALI AVENIDA 5 (Ver Más..);CALI;3.4180256; -76.5485516
101;CALI;CENTRO DE RECONOCIMIENTO DE CONDUCTORES A-PRUEBA UT CALI (Ver Más..);AUTOPISTA CALI YUMBO CALLE 70 NORTE # 3BN-200;CENTRO DE RECONOCIMIENTO DE CONDUCTORES A-PRUEBA UT CALI (Ver Más..);CALI;3.4969646; -76.49213550000002
102;CALI;CERC ROOSEVELT S.A. (Ver Más..);AVENIDA ROOSVELT 38 43 P 2;CERC ROOSEVELT S.A. (Ver Más..);CALI;3.4233022; -76.54146329999998
103;CALI;CRC 355 CALI SALOMIA (Ver Más..);CALLE 52 2 B1 22;CRC 355 CALI SALOMIA (Ver Más..);CALI;3.4418645; -76.49937849999998
104;CALI;EVALUAMOS CONDUCTORES IPS SAS (Ver Más..);CALLE 57 2D 20 PISO 2 Y 3;EVALUAMOS CONDUCTORES IPS SAS (Ver Más..);CALI;3.4692258; -76.49822310000002
105;CALI;INPROSALUD - SER CONDUCTOR CALI (Ver Más..);CARRERA 94 A # 42-12 PISO 2;INPROSALUD - SER CONDUCTOR CALI (Ver Más..);CALI;3.3753484; -76.51917750000001
106;CALI;INTRAS CENTRO DE RECONOCIMIENTO DE CONDUCTORES S.A. – INTRAS C.R.C. S.A (Ver Más..);CARRERA 100 # 15 A - 61 LOCAL 216 C.C AVENTURA PLAZA;INTRAS CENTRO DE RECONOCIMIENTO DE CONDUCTORES S.A. – INTRAS C.R.C. S.A (Ver Más..);CALI;3.3719715; -76.538388
107;CALI;MEDICOS DEL TRANSPORTE SAS - MEDITRANSC SAS (Ver Más..);CARRERA 3 57 77 PISO 2;MEDICOS DEL TRANSPORTE SAS - MEDITRANSC SAS (Ver Más..);CALI;3.4669458;-76.4973438
108;CALI;ORGANISMO CERTIFICACION DE PERSONAS VALLE DEL CAUCA IPS SAS (Ver Más..);CALLE 10 31 93 PISO 2;ORGANISMO CERTIFICACION DE PERSONAS VALLE DEL CAUCA IPS SAS (Ver Más..);CALI;3.4026632;-76.5415347
109;CALI;SIMETRIC CALI CANDELARIA (Ver Más..);CALLE 70 # 7TBIS - 67 SEGUNDO PISO (CALI);SIMETRIC CALI CANDELARIA (Ver Más..);CALI;3.4520516; -76.47755710000001
110;CALI;SIMETRIC CALI NORTE (Ver Más..);CALLE 70 # 3CN-275 LOCAL 9 (CALI);SIMETRIC CALI NORTE (Ver Más..);CALI;3.4916527; -76.49495109999998
111;CANDELARIA;CONDUTEST S.A. (Ver Más..);CALLE 94 8B 13;CONDUTEST S.A. (Ver Más..);CANDELARIA;3.4150411; -76.48412559999997
112;CARTAGENA;CERECSA CENTRO DE RECONOCIMIENTO DE CONDUCTORES SA IPS (Ver Más..);MARBELLA AV SANTANDER #46A 96 LOCAL 8;CERECSA CENTRO DE RECONOCIMIENTO DE CONDUCTORES SA IPS (Ver Más..);CARTAGENA;36.510071;-4.8824474
113;CARTAGENA;CRC 260 CARTAGENA (Ver Más..);MARBELLA. AVENIDA SANTANDER 46B 06 LC 7 ED MAR DEL NORTE;CRC 260 CARTAGENA (Ver Más..);CARTAGENA;36.510071;-4.8824474
114;CARTAGENA;SIMETRIC CARTAGENA (Ver Más..);AVENIDA DEL ARSENAL #10-49 2P;SIMETRIC CARTAGENA (Ver Más..);CARTAGENA;9.7067555; -73.27609210000003
115;CARTAGO;CENTRO MEDICO SALUD VITAL EJE CAFETERO SAS (Ver Más..);CALLE 10 14 94;CENTRO MEDICO SALUD VITAL EJE CAFETERO SAS (Ver Más..);CARTAGO;10.3761993; -75.48158180000001
116;CAUCASIA;INPROSALUD - SER CONDUCTOR CAUCASIA(Ver Más..);DIAGONAL 20C # 12-26 PISO 2;INPROSALUD - SER CONDUCTOR CAUCASIA(Ver Más..);CAUCASIA;7.996198199999998; -75.19914460000001
117;CHIA;SIMETRIC CHIA (Ver Más..);AVENIDA PRADILLA # 8 -44 (CHÍA);SIMETRIC CHIA (Ver Más..);CHIA;4.863051899999999; -74.05171389999998
118;CHIQUINQUIRA;GRUPO MEDICAS SEDE 3 (Ver Más..);CALLE 9A # 9 - 46;GRUPO MEDICAS SEDE 3 (Ver Más..);CHIQUINQUIRA;5.6155944; -73.8219722
119;CHIROGODO;CRC COLOMBIANO DEL URABA (Ver Más..);CALLE 96 # 99 A-38;CRC COLOMBIANO DEL URABA (Ver Más..);CHIROGODO;6.2904209; -75.56997189999998
120;CUCUTA;A-PRUEBA CUCUTA CENTRO (Ver Más..);AVENIDA 3 # 17-19;A-PRUEBA CUCUTA CENTRO (Ver Más..);CUCUTA;7.8803561;-72.5004661
121;CUCUTA;CERTINTEGRAL CUCUTA (Ver Más..);CENTRO COMERCIAL BOLIVAR LOCAL E23 SAN MATEO - AV DEMETRIO MENDOZA SAN MATEO;CERTINTEGRAL CUCUTA (Ver Más..);CUCUTA;7.905410000000001; -72.47480000000002
122;CUCUTA;EVALUACION Y TECNOLOGIA LTDA (Ver Más..);CENTRO COMERCIAL BOLIVAR LC E-10 - AV DEMETRIO MENDOZA SAN MATEO;EVALUACION Y TECNOLOGIA LTDA (Ver Más..);CUCUTA;7.905410000000001; -72.47480000000002
123;CUCUTA;EVALUANDO CUCUTA (Ver Más..);CENTRO COMERCIAL BOLIVAR LC E21 - AV DEMETRIO MENDIZA BARRIO SAN MATEO;EVALUANDO CUCUTA (Ver Más..);CUCUTA;7.905410000000001; -72.47480000000002
124;CUCUTA;INPROSALUD - CRC EXAMINAR CUCUTA (Ver Más..);AVENIDA 1 # 9 - 76 LOCAL 202;INPROSALUD - CRC EXAMINAR CUCUTA (Ver Más..);CUCUTA;7.9140376; -72.51782170000001
125;CUCUTA;SIMETRIC CUCUTA (Ver Más..);AVENIDA 3 # 19-26 2 PISO;SIMETRIC CUCUTA (Ver Más..);CUCUTA;7.878545; -72.50004230000002
126;DONMATIAS;CENTRO DE RECONOCIMIENTO DE CONDUCTORES DEL NORTE CRC SAS (Ver Más..);CALLE 29 30 39;CENTRO DE RECONOCIMIENTO DE CONDUCTORES DEL NORTE CRC SAS (Ver Más..);DONMATIAS;6.197866299999999; -75.55723319999998
127;DOSQUEBRADAS;EVALUANDO DOSQUEBRADAS (Ver Más..);CARRERA 16 # 32 - 18;EVALUANDO DOSQUEBRADAS (Ver Más..);DOSQUEBRADAS;4.8217857;-75.6839679
128;DOSQUEBRADAS;INPROSALUD - CONDUSER UNO LTDA (Ver Más..);CARRERA 15 BIS # 38 - 41;INPROSALUD - CONDUSER UNO LTDA (Ver Más..);DOSQUEBRADAS;4.83778; -75.66804000000002
129;DOSQUEBRADAS;SIMETRIC DOSQUEBRADAS (Ver Más..);CARRERA 16 # 32 56 LC 11/12/13;SIMETRIC DOSQUEBRADAS (Ver Más..);DOSQUEBRADAS;4.8085825; -75.7059779
130;DUITAMA;CENTRO DE RECONOCIMIENTO DE CONDUCTORES CONDUSALUD IPS SAS (Ver Más..);CARRERA 15 11 41;CENTRO DE RECONOCIMIENTO DE CONDUCTORES CONDUSALUD IPS SAS (Ver Más..);DUITAMA;5.8264992;-73.0368943
131;DUITAMA;CRC SALUBOY IPS SAS (Ver Más..);CALLE 19 20 23;CRC SALUBOY IPS SAS (Ver Más..);DUITAMA;5.8257962;-73.0292256
132;DUITAMA;MAIFESALUD LTDA (Ver Más..);CALLE 18 20 61;MAIFESALUD LTDA (Ver Más..);DUITAMA;5.8372721;-73.0344831
133;EL BANCO;INPROSALUD - CRC MAGDALENA (Ver Más..);CALLE 7 # 17-46;INPROSALUD - CRC MAGDALENA (Ver Más..);EL BANCO;10.4644999; -74.61588669999998
134;EL BORDO - CAUCA;CRC PATIA (Ver Más..);CARRERA 6 # 4-77;CRC PATIA (Ver Más..);EL BORDO - CAUCA;2.4414761; -76.60594909999998
135;ENVIGADO;INPROSALUD - CRC 203 ENVIGADO (Ver Más..);CARRERA 48 # 49 SUR - 40 AVENIDA LAS VEGAS;INPROSALUD - CRC 203 ENVIGADO (Ver Más..);ENVIGADO;6.1714065; -75.59400570000003
136;ENVIGADO;INVERSIONES EN SEGURIDAD Y SALUD SAS(Ver Más..);CALLE 38A SUR 41 71 INT 203;INVERSIONES EN SEGURIDAD Y SALUD SAS(Ver Más..);ENVIGADO;6.1717718; -75.6188386
137;ESPINAL;A-PRUEBA ESPINAL (Ver Más..);CALLE 11 # 8-63;A-PRUEBA ESPINAL (Ver Más..);ESPINAL;4.155606; -74.88806339999996
138;ESPINAL;CRC 109 EL ESPINAL (Ver Más..);CARRERA 7 # 10-01 P-4;CRC 109 EL ESPINAL (Ver Más..);ESPINAL;4.149501;-74.8858559
139;FACATATIVA;KEYSTONE COLOMBIA SAS FACATATIVA (Ver Más..);CARRERA 3 # 2 - 51 P-2;KEYSTONE COLOMBIA SAS FACATATIVA (Ver Más..);FACATATIVA;4.808249;-74.3518009
140;FLORENCIA;CRC 104 CONDUSALUD FLORENCIA (Ver Más..);CALLE 17 6 57;CRC 104 CONDUSALUD FLORENCIA (Ver Más..);FLORENCIA;1.6182427; -75.6097102
141;FLORENCIA;MAXITEST IPS SAS (Ver Más..);CARRERA 10 5A 06 LAS AVENIDAS;MAXITEST IPS SAS (Ver Más..);FLORENCIA;1.609379; -75.60423679999997
142;FLORIDA;PASE YA FLORIDA SA (Ver Más..);CALLE 8 20 16 BARRIO PUERTO NUEVO;PASE YA FLORIDA SA (Ver Más..);FLORIDA;3.32437; -76.23802
143;FLORIDABLANCA;EVALUANDO FLORIDABLANCA (Ver Más..);CARRERA 8 # 9 - 06 PISO 3 BARRIO CENTRO;EVALUANDO FLORIDABLANCA (Ver Más..);FLORIDABLANCA;31.6473526;-92.0031649
144;FLORIDABLANCA;SERVISALUD I.P.S FLORIDABLANCA (Ver Más..);CARRERA 8 # 9 – 02;SERVISALUD I.P.S FLORIDABLANCA (Ver Más..);FLORIDABLANCA;7.080440299999999; -73.09980710000002
145;FUNDACION;CENTRO DE RECONOCIMIENTO DRIVER SAS(Ver Más..);CALLE 8 5 17 PISO 2;CENTRO DE RECONOCIMIENTO DRIVER SAS(Ver Más..);FUNDACION;10.5241439;-74.1896097
146;FUNZA;CRC FUNZA 162 (Ver Más..);CALLE 14 # 10-92 PISO 2;CRC FUNZA 162 (Ver Más..);FUNZA;4.7059334;-74.2068451
147;FUNZA;INPROSALUD - SER CONDUCTOR CALLE 53 (Ver Más..);KILOMETRO 1.5 VÍA BOGOTÁ, MOSQUERA URBANIZACION INDUSTRIAL SAN CARLOS 1 LOCAL 2.;INPROSALUD - SER CONDUCTOR CALLE 53 (Ver Más..);FUNZA;4.7049932; -74.23230309999997
148;FUSAGASUGA;MEDIFUSACAR (Ver Más..);CALLE 3 BIS #26C-26 LOCAL 115;MEDIFUSACAR (Ver Más..);FUSAGASUGA;10,4891094;-66,9481032
149;GARZON;INPROSALUD - SER CONDUCTOR GARZON (Ver Más..);CARRERA 8 # 7 - 11 OF 201 EDIFICIO ROYAL PLAZA;INPROSALUD - SER CONDUCTOR GARZON (Ver Más..);GARZON;4,338328;-74,363968
150;GIRARDOT;CRPS GIRARDOT (Ver Más..);CARRERA 7 A # 29 - 87 BARRIO LA MAGDALENA;CRPS GIRARDOT (Ver Más..);GIRARDOT;2,196924;-75,6270773
151;GIRARDOT;EVALUANDO GIRARDOT (Ver Más..);CARRERA 12 # 17-29 LC 2 CC EL PARQUE;EVALUANDO GIRARDOT (Ver Más..);GIRARDOT;4,3028756;-74,7996928
152;GIRON;EVALUANDO GIRON (Ver Más..);CALLE 30 # 26 - 24;EVALUANDO GIRON (Ver Más..);GIRON;4,2971765;-74,8076501
153;GIRON;SERVISALUD I.P.S GIRON (Ver Más..);CARRERA 26 # 31 – 53;SERVISALUD I.P.S GIRON (Ver Más..);GIRON;7,0673634;-73,1700138
154;GRANADA;CERECON SAS (Ver Más..);CARRERA 12 #14 82;CERECON SAS (Ver Más..);GRANADA;7,0684754;-73,1697481
155;GRANADA;INPROSALUD - SER CONDUCTOR GRANADA(Ver Más..);CALLE 15 # 14 - 59;INPROSALUD - SER CONDUCTOR GRANADA(Ver Más..);GRANADA;3,541355;-73,7053042
156;GUADALAJARA DE BUGA;CENTRO DE RECONOCIMIENTO DE CONDUCTORES DE BUGA LTDA (Ver Más..);CALLE 6 # 16-40;CENTRO DE RECONOCIMIENTO DE CONDUCTORES DE BUGA LTDA (Ver Más..);GUADALAJARA DE BUGA;3,5402114;-73,7075857
157;GUADALAJARA DE BUGA;CRPS BUGA (Ver Más..);CALLE 9 # 17 - 62;CRPS BUGA (Ver Más..);GUADALAJARA DE BUGA;3,899792;-76,303911
158;IBAGUE;A-PRUEBA IBAGUE (Ver Más..);CARRERA 5 ZONA INDUSTRIAL EL PAPAYO;A-PRUEBA IBAGUE (Ver Más..);IBAGUE;3,9028645;-76,3039778
159;IBAGUE;CENTRO DE RECONOCIMIENTO MEDICO DEL TOLIMA (Ver Más..);CARRERA 5 13 57;CENTRO DE RECONOCIMIENTO MEDICO DEL TOLIMA (Ver Más..);IBAGUE;4,440663;-75,244141
160;IBAGUE;CERTIFICAMOS Y AUDITAMOS IPS SAS (Ver Más..);CARRERA 5A 59 13;CERTIFICAMOS Y AUDITAMOS IPS SAS (Ver Más..);IBAGUE;4,4445706;-75,2383499
161;IBAGUE;INPROSALUD - SER CONDUCTOR IBAGUE (Ver Más..);CARRERA 5 CALLE 60 EDIFICIO CAMINORTE;INPROSALUD - SER CONDUCTOR IBAGUE (Ver Más..);IBAGUE;4,4353773;-75,2033165
162;IBAGUE;SIMETRIC IBAGUE (Ver Más..);CALLE 60 # 2 A - 49 P-2;SIMETRIC IBAGUE (Ver Más..);IBAGUE;4,4439909;-75,2368586
163;IPIALES;CENTRO DE RECONOCIMIENTO DE CONDUCTORES CERTIFICO CRC SAS (Ver Más..);CALLE 5 ESTE 1N 39;CENTRO DE RECONOCIMIENTO DE CONDUCTORES CERTIFICO CRC SAS (Ver Más..);IPIALES;4,430701;-75,1994584
164;IPIALES;INSTITUCION PRESTADORA DE SERVICIOS DE LA SALUD LAS AMERICAS LTDA (Ver Más..);CARRERA 6 24C 05;INSTITUCION PRESTADORA DE SERVICIOS DE LA SALUD LAS AMERICAS LTDA (Ver Más..);IPIALES;0,821762;-77,641678
165;ITAGUI;CRC CERTISUR (Ver Más..);CALLE 50 # 46-27;CRC CERTISUR (Ver Más..);ITAGUI;0,8313896;-77,6480475
166;ITAGUI;INVERSIONES CONDU TEST SA (Ver Más..);CALLE 50 43 24;INVERSIONES CONDU TEST SA (Ver Más..);ITAGUI;6,1691884;-75,6086207
167;ITAGUI;INVERSIONES EN TRANSPORTE, EDUCACION, SEGURIDAD Y SERVICIOS - INVERTRESS # 2(Ver Más..);CALLE 85 48 01 BL 31 OF 177;INVERSIONES EN TRANSPORTE, EDUCACION, SEGURIDAD Y SERVICIOS - INVERTRESS # 2(Ver Más..);ITAGUI;6,1676322;-75,6077224
168;JAMUNDI;CONDUMEDICOS JAMUNDI IPS SAS (Ver Más..);CALLE 11 # 12 88 LOCAL 14 PISO 1 Y 2 CC PALMAS PLAZA;CONDUMEDICOS JAMUNDI IPS SAS (Ver Más..);JAMUNDI;6,190177;-75,5903333
169;JAMUNDI;SIMETRIC JAMUNDI (Ver Más..);CALLE 2 # 22- 175 LOCAL 205-206 (CALI);SIMETRIC JAMUNDI (Ver Más..);JAMUNDI;3,2630716;-76,5415264
170;LA CALERA;ORGANISMO CERTIFICADOR DE LA CALERA SAS (Ver Más..);CALLE 10A 2B 31 CASA;ORGANISMO CERTIFICADOR DE LA CALERA SAS (Ver Más..);LA CALERA;3,2557373;-76,5452957
171;LA CEJA-ANTIOQUIA;CERTIOCCIDENTE LA CEJA (Ver Más..);CALLE 22 #15 A - 16;CERTIOCCIDENTE LA CEJA (Ver Más..);LA CEJA-ANTIOQUIA;4,7225718;-73,9669279
172;LA DORADA;CENTRO DE RECONOCIMIENTO SALUD DORADA SAS (Ver Más..);CALLE 15 1A - 26;CENTRO DE RECONOCIMIENTO SALUD DORADA SAS (Ver Más..);LA DORADA;6,0304856;-75,4252697
173;LA DORADA;CRC 077 LA DORADA (Ver Más..);CARRERA 2 14 60;CRC 077 LA DORADA (Ver Más..);LA DORADA;5,454255;-74,6626819
174;LA DORADA;GANARSALUD IPS LTDA (Ver Más..);CALLE 16 3 09 P 2;GANARSALUD IPS LTDA (Ver Más..);LA DORADA;5,4538927;-74,6626657
175;LA ESTRELLA;INPROSALUD OE20 - LA ESTRELLA (Ver Más..);CALLE 79B SUR # 50-130;INPROSALUD OE20 - LA ESTRELLA (Ver Más..);LA ESTRELLA;5,4545217;-74,6646739
176;LA PLATA;INPROSALUD 02 - LA PLATA (Ver Más..);CALLE 4 # 3-32;INPROSALUD 02 - LA PLATA (Ver Más..);LA PLATA;6,174297;-75,6061683
177;LA TEBAIDA;CEMPRESALUD SAS (Ver Más..);CARRERA 5 #12-10 LOCAL 5;CEMPRESALUD SAS (Ver Más..);LA TEBAIDA;2,3876885;-75,8913094
178;LA UNION;SIMETRIC LA UNION (Ver Más..);CARRERA 14 # 15 48 (VALLE DEL CAUCA);SIMETRIC LA UNION (Ver Más..);LA UNION;4,4538209;-75,7915539
179;LA VIRGINIA;ORGANISMO CERTIFICADOR DE PERSONAS - OCP1 (Ver Más..);CARRERA 9 8 40;ORGANISMO CERTIFICADOR DE PERSONAS - OCP1 (Ver Más..);LA VIRGINIA;5,9750454;-75,3658637
180;LOS PATIOS;CRC 132 PATIOS (Ver Más..);AVENIDA 10 28 46 L 102;CRC 132 PATIOS (Ver Más..);LOS PATIOS;4,897681;-75,8837562
181;LOS PATIOS;EVALUANDO PATIOS (Ver Más..);AVENIDA 10 # 30 - 72 CENTRO;EVALUANDO PATIOS (Ver Más..);LOS PATIOS;7,8111531;-72,517196
182;MAICAO;CENTRO DE RECONOCIMIENTO DE CONDUCTORES APTO SAS (Ver Más..);CALLE 17 4 03;CENTRO DE RECONOCIMIENTO DE CONDUCTORES APTO SAS (Ver Más..);MAICAO;7,8111791;-72,5173858
183;MALAGA;SALUD INTEGRAL DE GARCIA ROVIRA SOCIEDAD LTDA (Ver Más..);CALLE 12 9 56;SALUD INTEGRAL DE GARCIA ROVIRA SOCIEDAD LTDA (Ver Más..);MALAGA;11,3777778;-72,2388889
184;MANIZALES;CENTRO DE DIAGNOSTICO PSICOSENSOMETRICO SAS (Ver Más..);CARRERA 23 31 09;CENTRO DE DIAGNOSTICO PSICOSENSOMETRICO SAS (Ver Más..);MANIZALES;6,70005;-72,73426
185;MANIZALES;CENTRO DE RECONOCIMIENTO DE CONDUCTORES CONDUCIR IPS LTDA (Ver Más..);CALLE 20 19 12 PISO 3;CENTRO DE RECONOCIMIENTO DE CONDUCTORES CONDUCIR IPS LTDA (Ver Más..);MANIZALES;5,0672716;-75,511194
186;MANIZALES;EVALUANDO MANIZALES (Ver Más..);CALLE 22 # 18 - 29 PISO 2;EVALUANDO MANIZALES (Ver Más..);MANIZALES;5,0690626;-75,5189716
187;MANIZALES;SIMETRIC MANIZALES (Ver Más..);CALLE 23 #21-41 EDIF. B.C.H. PISO 15;SIMETRIC MANIZALES (Ver Más..);MANIZALES;5,0698479;-75,5177184
188;MARIQUITA;DIAGNOSTICENTRO DEL NORTE DEL TOLIMA LTDA (Ver Más..);KILOMETRO 7 800 MTS VIA IBAGUE;DIAGNOSTICENTRO DEL NORTE DEL TOLIMA LTDA (Ver Más..);MARIQUITA;5,0680436;-75,5170466
189;MEDELLIN;A-PRUEBA MEDELLIN (Ver Más..);CARRERA 77C # 52-37;A-PRUEBA MEDELLIN (Ver Más..);MEDELLIN;4,440663;-75,244141
190;MEDELLIN;AUTOMOVILES Y SALUD SAS (Ver Más..);CARRERA 64C 72 20;AUTOMOVILES Y SALUD SAS (Ver Más..);MEDELLIN;6,2643438;-75,592904
191;MEDELLIN;CAR CENTER INTERNATIONAL SAS (Ver Más..);CARRERA 43B 6 SUR 140;CAR CENTER INTERNATIONAL SAS (Ver Más..);MEDELLIN;6,3111458;-75,5610878
192;MEDELLIN;CENTRO CERTEC SAS (Ver Más..);CALLE 48 65 30;CENTRO CERTEC SAS (Ver Más..);MEDELLIN;6,3035107;-75,5475693
193;MEDELLIN;CENTRO DE EVALUACION Y RECONOCIMIENTO TECNICO DE CONDUCTORES SA - CERT SA(Ver Más..);CARRERA 56A 55 49 P 2;CENTRO DE EVALUACION Y RECONOCIMIENTO TECNICO DE CONDUCTORES SA - CERT SA(Ver Más..);MEDELLIN;6,2706023;-75,5878412
194;MEDELLIN;CENTRO DE RECONOCIMIENTO DE ANTIOQUIA SAS (Ver Más..);CALLE 74 64B 40 BARRIO CARIBE;CENTRO DE RECONOCIMIENTO DE ANTIOQUIA SAS (Ver Más..);MEDELLIN;6,2529443;-75,5631984
195;MEDELLIN;CENTRO INTEGRAL DE ALTA TECNOLOGIA PARA EVALUACION Y RECONOCIMIENTO - TESTEC SA (Ver Más..);CARRERA 65A 48D 30;CENTRO INTEGRAL DE ALTA TECNOLOGIA PARA EVALUACION Y RECONOCIMIENTO - TESTEC SA (Ver Más..);MEDELLIN;6,2725273;-75,5728177
196;MEDELLIN;CERCO MEDELLIN SAS - CENTRO DE RECONOCIMIENTO DE CONDUCTORES SAS(Ver Más..);CARRERA 65 74 53 LOCAL 2;CERCO MEDELLIN SAS - CENTRO DE RECONOCIMIENTO DE CONDUCTORES SAS(Ver Más..);MEDELLIN;6,2706023;-75,5878412
197;MEDELLIN;CERECON SAS (Ver Más..);CARRERA 52 #62 11;CERECON SAS (Ver Más..);MEDELLIN;6,2710109;-75,5883675
198;MEDELLIN;CERTIOCCIDENTE (Ver Más..);CARRERA 64C # 74-16 AUTO NORTE;CERTIOCCIDENTE (Ver Más..);MEDELLIN;6,1935731;-75,5916358
199;MEDELLIN;CONDUFIABLE (Ver Más..);CALLE 48 # 78 A- 20;CONDUFIABLE (Ver Más..);MEDELLIN;6,3111338;-75,5610886
200;MEDELLIN;CONDUSALUD INTEGRAL SA (Ver Más..);CARRERA 50 58 7;CONDUSALUD INTEGRAL SA (Ver Más..);MEDELLIN;6,2466942;-75,5640507
201;MEDELLIN;CRC 207 MEDELLIN EXITO DE COLOMBIA (Ver Más..);CARRERA 76 32E 31;CRC 207 MEDELLIN EXITO DE COLOMBIA (Ver Más..);MEDELLIN;6,2514118;-75,5674755
202;MEDELLIN;CRC CONDUMED IPS SAS (Ver Más..);CARRERA 56C 54 12 OFC 201;CRC CONDUMED IPS SAS (Ver Más..);MEDELLIN;6,2340826;-75,5963932
203;MEDELLIN;GRUPO MEDICO DE ANTIOQUIA SAS (Ver Más..);CARRERA 48 11B SUR 34;GRUPO MEDICO DE ANTIOQUIA SAS (Ver Más..);MEDELLIN;6,2529443;-75,5631984
204;MEDELLIN;INVERSIONES CERCA CRC ANTIOQUIA - MEDIC TEST (Ver Más..);CALLE 34 65 110;INVERSIONES CERCA CRC ANTIOQUIA - MEDIC TEST (Ver Más..);MEDELLIN;6,2560907;-75,5621569
205;MEDELLIN;INVERSIONES EN TRANSPORTE, EDUCACION, SEGURIDAD Y SERVICIOS S.A. - INVERTRESS SA (Ver Más..);CARRERA 56A 54A 20;INVERSIONES EN TRANSPORTE, EDUCACION, SEGURIDAD Y SERVICIOS S.A. - INVERTRESS SA (Ver Más..);MEDELLIN;6,2706919;-75,5879107
206;MEDELLIN;MEDICOLOMBIA SAS (Ver Más..);CARRERA 64b # 74-21 piso 2;MEDICOLOMBIA SAS (Ver Más..);MEDELLIN;6,2529443;-75,5631984
207;MEDELLIN;SIMETRIC MEDELLIN (Ver Más..);CALLE 56 # 56 – 71 PISO 2;SIMETRIC MEDELLIN (Ver Más..);MEDELLIN;6,2564902;-75,5787443
208;MOCOA;INPROSALUD - SER CONDUCTOR MOCOA (Ver Más..);CALLE 8 # 04 - 02 PISO 3;INPROSALUD - SER CONDUCTOR MOCOA (Ver Más..);MOCOA;6,2529443;-75,5631984
209;MONTERIA;A-PRUEBA MONTERIA (Ver Más..);CALLE 56 # 6 - 86;A-PRUEBA MONTERIA (Ver Más..);MONTERIA;1,1422079;-76,643877
210;MONTERIA;C.R.C. CERTIFICAR S.A.S (Ver Más..);CARRERA 6 # 51-28 BARRIO VILLA OLÍMPICA;C.R.C. CERTIFICAR S.A.S (Ver Más..);MONTERIA;8,7672239;-75,8677137
211;MONTERIA;INPROSALUD - SER CONDUCTOR MONTERIA(Ver Más..);CARRERA 7 # 58-30;INPROSALUD - SER CONDUCTOR MONTERIA(Ver Más..);MONTERIA;8,7693978;-75,867526
212;MONTERIA;SIMETRIC MONTERIA (Ver Más..);CALLE 59 #6 - 59;SIMETRIC MONTERIA (Ver Más..);MONTERIA;8,7701598;-75.86770409999997
213;MOSQUERA;A-PRUEBA MOSQUERA (Ver Más..);CARRERA 1 # 2-11 P-2;A-PRUEBA MOSQUERA (Ver Más..);MOSQUERA;8,7701598;-75,8677041
214;NEIVA;A-PRUEBA NEIVA (Ver Más..);MERCANEIVA LC 2229;A-PRUEBA NEIVA (Ver Más..);NEIVA;4,694943;-74,1909403
215;NEIVA;CERTIFISALUD LTDA (Ver Más..);CALLE 21 5A 70;CERTIFISALUD LTDA (Ver Más..);NEIVA;2,9986111;-75,3044444
216;NEIVA;SIMETRIC NEIVA (Ver Más..);CARRERA 2 # 8-05 CC LOS COMUNEROS;SIMETRIC NEIVA (Ver Más..);NEIVA;2,9422954;-75,2591603
217;OCAÑA;EVALUANDO OCAÑA (Ver Más..);CALLE 10 # 11 - 75;EVALUANDO OCAÑA (Ver Más..);OCAÑA;2,9312038;-75,2900603
218;PALERMO;INPROSALUD - CRC 102 PALERMO (Ver Más..);CALLE 33 # 5P 02;INPROSALUD - CRC 102 PALERMO (Ver Más..);PALERMO;8,2330274;-73,3531246
219;PALMIRA;A-PRUEBA PALMIRA (Ver Más..);CALLE 47 # 36- 14;A-PRUEBA PALMIRA (Ver Más..);PALMIRA;10,9768247;-74,7787892
220;PAMPLONA;EVALUANDO PAMPLONA (Ver Más..);CALLE 8 # 5 - 49;EVALUANDO PAMPLONA (Ver Más..);PAMPLONA;3,5426139;-76,3083651
221;PASTO;A-PRUEBA PASTO (Ver Más..);CALLE 18 # 19B - 08;A-PRUEBA PASTO (Ver Más..);PASTO;7,37223;-72,6475
222;PASTO;CENTRO DE RECONOCIMIENTO DE CONDUCTORES CRC CERTIFICAMOS SAS (Ver Más..);CARRERA 33 A 20 69;CENTRO DE RECONOCIMIENTO DE CONDUCTORES CRC CERTIFICAMOS SAS (Ver Más..);PASTO;1,2085665;-77,2760774
223;PASTO;CRC. CERTIPASTO (Ver Más..);CALLE 18 19 21 CENTRO;CRC. CERTIPASTO (Ver Más..);PASTO;1,2249185;-77,2802996
224;PASTO;SIMETRIC IPS PASTO (Ver Más..);CALLE 18 # 19-55 2 PISO;SIMETRIC IPS PASTO (Ver Más..);PASTO;1,2086715;-77,2761606
225;PASTO;VALORAR SAS (Ver Más..);CARRERA 19B 18 40;VALORAR SAS (Ver Más..);PASTO;1,2291878;-77,2894633
226;PEREIRA;CEMEC CENTRO MEDICO EJE CAFETERO SAS(Ver Más..);CARRERA 9 38 24 ED VENECIA;CEMEC CENTRO MEDICO EJE CAFETERO SAS(Ver Más..);PEREIRA;1,2095011;-77,276061
227;PEREIRA;CRC VALORAMOS PEREIRA SAS (Ver Más..);CARRERA 26 70 32 PISO 2;CRC VALORAMOS PEREIRA SAS (Ver Más..);PEREIRA;4,8148635;-75,7104778
228;PEREIRA;EVALUANDO PEREIRA (Ver Más..);CARRERA 8 BIS # 35 - 30;EVALUANDO PEREIRA (Ver Más..);PEREIRA;4,8047608;-75,7377876
229;PEREIRA;INSTITUTO TECNOLOGICO DE TRANSPORTE Y TRANSITO LTDA (Ver Más..);CARRERA 8 38 32;INSTITUTO TECNOLOGICO DE TRANSPORTE Y TRANSITO LTDA (Ver Más..);PEREIRA;4,8142778;-75,6945583
230;PEREIRA;SIMETRIC PEREIRA (Ver Más..);CALLE 40 # 11-19 LOCAL 11;SIMETRIC PEREIRA (Ver Más..);PEREIRA;4,8157323;-75,7104643
231;PIEDECUESTA;CERTISALUD SAS (Ver Más..);CARRERA 7 #8 22;CERTISALUD SAS (Ver Más..);PIEDECUESTA;4,8135436;-75,7121212
232;PIEDECUESTA;CERTISANTANDER LTDA (Ver Más..);CALLE 9 # 5-09 PISO 2;CERTISANTANDER LTDA (Ver Más..);PIEDECUESTA;6,9864199;-73,0503514
233;PITALITO;INVERSIONES BARAK SAS (Ver Más..);CARRERA 4 4 56 PISO 2;INVERSIONES BARAK SAS (Ver Más..);PITALITO;6,9856958;-73,0514694
234;PITALITO;PILOTOS CENTRO DE RECONOCIMIENTO DE CONDUCTORES SAS (Ver Más..);CARRERA 1B 8A 20 P2;PILOTOS CENTRO DE RECONOCIMIENTO DE CONDUCTORES SAS (Ver Más..);PITALITO;1,8514896;-76,0465198
235;POPAYAN;CENTRO DE RECONOCIMIENTO DE CONDUCTORES DEL CAUCA SAS (Ver Más..);CARRERA 50 3 145;CENTRO DE RECONOCIMIENTO DE CONDUCTORES DEL CAUCA SAS (Ver Más..);POPAYAN;1,8521893;-76,0427029
236;POPAYAN;CERTIFICATE YA POPAYAN IPS SAS (Ver Más..);CARRERA 10 6N 28;CERTIFICATE YA POPAYAN IPS SAS (Ver Más..);POPAYAN;2,45307;-76,6389407
237;POPAYAN;EVALUANDO POPAYAN (Ver Más..);CALLE 5 A # 12 - 62 BARRIO VALENCIA;EVALUANDO POPAYAN (Ver Más..);POPAYAN;2,4413544;-76,6099649
238;POPAYAN;SIMETRIC POPAYAN (Ver Más..);CALLE 11 #8-31 B/ PRADOS DEL NORTE;SIMETRIC POPAYAN (Ver Más..);POPAYAN;2,4434484;-76,6116657
239;PUERTO ASIS;CERTIFICAR IPS SAS (Ver Más..);CALLE 9 19 30;CERTIFICAR IPS SAS (Ver Más..);PUERTO ASIS;2,4368766;-76,609936
240;PUERTO BERRIO;SALUD Y TRAMITES SAS (Ver Más..);CARRERA 6 1 40;SALUD Y TRAMITES SAS (Ver Más..);PUERTO BERRIO;0,5142171;-76,5005613
241;QUIBDO;CERECON SAS (Ver Más..);CALLE 30 CARRERA 13;CERECON SAS (Ver Más..);QUIBDO;6,48704;-74,40338
242;RIOACHA;CRC ANDINO COLOMBIANO LTDA (Ver Más..);CALLE 21 # 13-18;CRC ANDINO COLOMBIANO LTDA (Ver Más..);RIOACHA;5,6816712;-76,651241
243;RIONEGRO;A-PRUEBA RIONEGRO (Ver Más..);CALLE 63A # 44 - 55;A-PRUEBA RIONEGRO (Ver Más..);RIONEGRO;11,5352767;-72,9142744
244;RIONEGRO;CERTIORIENTE SAS (Ver Más..);CALLE 58 #47 04;CERTIORIENTE SAS (Ver Más..);RIONEGRO;6,1613697;-75,3688458
245;RIONEGRO;CONDUCERTI SAS (Ver Más..);CALLE 62 47 18;CONDUCERTI SAS (Ver Más..);RIONEGRO;6,158733;-75,3706336
246;RIOSUCIO;ORGANISMO DE CERTIFICACION DE PERSONAS EVALUEMOS IPS SAS (Ver Más..);CARRERA 5 6 15;ORGANISMO DE CERTIFICACION DE PERSONAS EVALUEMOS IPS SAS (Ver Más..);RIOSUCIO;6,1610199;-75,3691328
247;ROLDANILLO;CENTRO DE DIAGNOSTICO PSICOSENSOMETRICO DEL NORTE DEL VALLE SAS (Ver Más..);CALLE 9 CARRERA 2 NORTE ESQUINA;CENTRO DE DIAGNOSTICO PSICOSENSOMETRICO DEL NORTE DEL VALLE SAS (Ver Más..);ROLDANILLO;5,42072;-75,70452
248;SABANETA;A-PRUEBA SABANETA (Ver Más..);CALLE 75 SUR # 45 - 26;A-PRUEBA SABANETA (Ver Más..);SABANETA;4,4127228;-76,1527598
249;SABANETA;SIMETRIC SABANETA (Ver Más..);CARRERA 45 72 SUR 140 PISO 2;SIMETRIC SABANETA (Ver Más..);SABANETA;6,1847549;-75,5961643
250;SAN GIL;EVALUANDO SAN GIL (Ver Más..);CARRERA 9 # 16 - 08;EVALUANDO SAN GIL (Ver Más..);SAN GIL;6,1511511;-75,6161561
251;SANTA MARTA;CENTRO DE RECOCIMIENTO DE CONDUCTORES CRC 1232 SAS (Ver Más..);CARRERA 20 12 32;CENTRO DE RECOCIMIENTO DE CONDUCTORES CRC 1232 SAS (Ver Más..);SANTA MARTA;6,5569323;-73,1357253
252;SANTA MARTA;CENTRO DE RECONOCIMIENTO DE CONDUCTORES CRC TAYRONA SAS (Ver Más..);AVENIDA SANTA RITA CALLE 22 11 20;CENTRO DE RECONOCIMIENTO DE CONDUCTORES CRC TAYRONA SAS (Ver Más..);SANTA MARTA;11,2174044;-74,1956616
253;SANTA MARTA;CENTRO NACIONAL DE ANALISIS A CONDUCTORES COTA LTDA (Ver Más..);AVENIDA FERROCARRIL CALLE 18 8 -48 PISO 2;CENTRO NACIONAL DE ANALISIS A CONDUCTORES COTA LTDA (Ver Más..);SANTA MARTA;11,2380654;-74,1737379
254;SANTA MARTA;CERECSA CENTRO DE RECONOCIMIENTO DE CONDUCTORES SA IPS SANTA MARTA (Ver Más..);CALLE 15 # 2 - 60 EDIFICIO BOLIVAR LOCAL 101-102;CERECSA CENTRO DE RECONOCIMIENTO DE CONDUCTORES SA IPS SANTA MARTA (Ver Más..);SANTA MARTA;11,1872544;-74,2182366
255;SANTA MARTA;INPROSALUD - SER CONDUCTOR SANTA MARTA (Ver Más..);CARRERA 3 # 15-34 LOCAL 207;INPROSALUD - SER CONDUCTOR SANTA MARTA (Ver Más..);SANTA MARTA;11,2445449;-74,2130001
256;SANTA MARTA;SIMETRIC SANTAMARTA (Ver Más..);CALLE 23 # 4-27 OF.226;SIMETRIC SANTAMARTA (Ver Más..);SANTA MARTA;11,1884456;-74,2263785
257;SANTA ROSA DE CABAL;CRC VALORAMOS SANTA ROSA SAS (Ver Más..);CARRERA 15 11 71;CRC VALORAMOS SANTA ROSA SAS (Ver Más..);SANTA ROSA DE CABAL;11,1902847;-74,2315734
258;SANTANDER DE QUILICHAO;IPS CENTRO DE RECONOCIMIENTO DE CONDUCTORES NORTE DEL CAUCA LTDA (Ver Más..);CALLE 5 10 56 PISO 1;IPS CENTRO DE RECONOCIMIENTO DE CONDUCTORES NORTE DEL CAUCA LTDA (Ver Más..);SANTANDER DE QUILICHAO;4,8641002;-75,6212304
259;SINCELEJO;CERTISUCRE LTDA (Ver Más..);CALLE 22 # 18-35;CERTISUCRE LTDA (Ver Más..);SINCELEJO;3,0095996;-76,4845324
260;SINCELEJO;INPROSALUD - CRC 320 SINCELEJO (Ver Más..);CARRERA 19 B # 16-60;INPROSALUD - CRC 320 SINCELEJO (Ver Más..);SINCELEJO;9,3016566;-75,3951873
261;SOACHA;CENTRO DE RECONOCIMIENTO DE CONDUCTORES CERTIPASE SAS (Ver Más..);CARRERA 7 16 74;CENTRO DE RECONOCIMIENTO DE CONDUCTORES CERTIPASE SAS (Ver Más..);SOACHA;9,3056291;-75,3961138
262;SOACHA;CRC TRANSMEDIC SAS (Ver Más..);CARRERA 7 15 11;CRC TRANSMEDIC SAS (Ver Más..);SOACHA;4,5824214;-74,2158753
263;SOACHA;EVALUANDO SOACHA (Ver Más..);CARRERA 9 # 12-90 LC 1;EVALUANDO SOACHA (Ver Más..);SOACHA;4,5821966;-74,2171593
264;SOCORRO;EVALUACIONES MEDICAS SAS (Ver Más..);CALLE 16 15 25;EVALUACIONES MEDICAS SAS (Ver Más..);SOCORRO;4,5835138;-74,2201938
265;SOGAMOSO;CENTRO DE RECONOCIMIENTO DE CONDUCTORES MEDIC BOYACA SAS (Ver Más..);CALLE 7 5 124 PISO 2;CENTRO DE RECONOCIMIENTO DE CONDUCTORES MEDIC BOYACA SAS (Ver Más..);SOGAMOSO;6,4714005;-73,2615318
266;SOGAMOSO;PRECISION IPS LTDA (Ver Más..);CARRERA 10 # 20 - 62;PRECISION IPS LTDA (Ver Más..);SOGAMOSO;5,7111978;-72,9325572
267;SOGAMOSO;SIMETRIC SOGAMOSO (Ver Más..);CARRERA 8 # 7-08;SIMETRIC SOGAMOSO (Ver Más..);SOGAMOSO;5,7226291;-72,9227368
268;TAME;SANTOS Y SARMIENTO SAS (Ver Más..);CARRERA 12 14 65 KENNEDY;SANTOS Y SARMIENTO SAS (Ver Más..);TAME;5,7087854;-72,9283649
269;TULUA;A-PRUEBA TULUA (Ver Más..);CARRERA 30 # 22-13;A-PRUEBA TULUA (Ver Más..);TULUA;6,4622491;-71,7289936
270;TULUA;CRC CORAZON DEL VALLE (Ver Más..);CARRERA 25 31 60-CARRERA 30 CALLEJON;CRC CORAZON DEL VALLE (Ver Más..);TULUA;4,0876464;-76,1932644
271;TUNJA;A-PRUEBA TUNJA MALDONADO (Ver Más..);CARRERA 10 # 27 - 16;A-PRUEBA TUNJA MALDONADO (Ver Más..);TUNJA;4,080508;-76,1986233
272;TUNJA;CONDUSALUD IPS TUNJA (Ver Más..);CARRERA 10 27 05 P 2;CONDUSALUD IPS TUNJA (Ver Más..);TUNJA;5,5353371;-73,3611712
273;TUNJA;ORGANISMO DE CERTIFICACION PERSONAS CERTRANS 36 IPS SAS (Ver Más..);KILOMETRO 3 VIA TUNJA PAIPA;ORGANISMO DE CERTIFICACION PERSONAS CERTRANS 36 IPS SAS (Ver Más..);TUNJA;5,5369141;-73,3606707
274;TUNJA;SIMETRIC TUNJA (Ver Más..);CARRERA 6 # 36-25;SIMETRIC TUNJA (Ver Más..);TUNJA;5,5333333;-73,3666667
275;UBATE;INPROSALUD - SER CONDUCTOR UBATE (Ver Más..);CARRERA 6 # 6 - 38 PISO 2;INPROSALUD - SER CONDUCTOR UBATE (Ver Más..);UBATE;5,5461939;-73,3565069
276;VALLEDUPAR;A-PRUEBA VALLEDUPAR No 1 (Ver Más..);CALLE 13 # 11 - 39 PISO 2;A-PRUEBA VALLEDUPAR No 1 (Ver Más..);VALLEDUPAR;5,306314;-73,8143757
277;VALLEDUPAR;CRC SOLUCIONES DEL CARIBE SAS (Ver Más..);CARRERA 9 13B 36 LOCAL 2;CRC SOLUCIONES DEL CARIBE SAS (Ver Más..);VALLEDUPAR;10,4698014;-73,2688601
278;VALLEDUPAR;OCP DEL CESAR IPS SAS (Ver Más..);CARRERA 17 11 74;OCP DEL CESAR IPS SAS (Ver Más..);VALLEDUPAR;10,4916923;-73,2657687
279;VALLEDUPAR;SALUD CERTIFICADA IPS SAS (Ver Más..);CARRERA 11 A 12 43;SALUD CERTIFICADA IPS SAS (Ver Más..);VALLEDUPAR;10,4601975;-73,2468562
280;VALLEDUPAR;SIMETRIC VALLEDUPAR (Ver Más..);CALLE 15 N 9-30;SIMETRIC VALLEDUPAR (Ver Más..);VALLEDUPAR;10,3908139;-73,1691321
281;VILLA DEL ROSARIO;CENTRO DE RECONOCIMIENTO DE CONDUCTORES CERTIFICATE SAS (Ver Más..);CRA 7 10 40;CENTRO DE RECONOCIMIENTO DE CONDUCTORES CERTIFICATE SAS (Ver Más..);VILLA DEL ROSARIO;10,465845;-73,2650816
282;VILLAMARIA;CRC INTELIGENTE VILLAMARIA (Ver Más..);CARRERA 3 13 30 AP 2;CRC INTELIGENTE VILLAMARIA (Ver Más..);VILLAMARIA;7,8448203;-72,5025147
283;VILLAVICENCIO;"CENTRO DE RECONOCIMIENTO DE CONDUCTORES DEL META ""CRDM META SAS""(Ver Más..)";CALLE 37A 19A 52;"CENTRO DE RECONOCIMIENTO DE CONDUCTORES DEL META ""CRDM META SAS""(Ver Más..)";VILLAVICENCIO;5,0594427;-75,5105044
284;VILLAVICENCIO;CENTRO ESPECIALIZADO DE ATENCION AL TRANSITO Y TRANSPORTE CEATT (Ver Más..);CALLE 35 41 78;CENTRO ESPECIALIZADO DE ATENCION AL TRANSITO Y TRANSPORTE CEATT (Ver Más..);VILLAVICENCIO;4,151169;-73,6273342
285;VILLAVICENCIO;IPS CRC EXAMINANDO SAS (Ver Más..);CALLE 36 20 15;IPS CRC EXAMINANDO SAS (Ver Más..);VILLAVICENCIO;4,1448517;-73,64281
286;VILLAVICENCIO;OCP2 (Ver Más..);CALLE 7 # 41-68;OCP2 (Ver Más..);VILLAVICENCIO;4,1494245;-73,6214047
287;VILLAVICENCIO;SIMETRIC VILLAVICENCIO (Ver Más..);CALLE 37A N 19B-41;SIMETRIC VILLAVICENCIO (Ver Más..);VILLAVICENCIO;4,1244325;-73,6346339
288;VILLAVICENCIO;SOMEM DEL ORIENTE (Ver Más..);CALLE 37A 20 10 PISO 2;SOMEM DEL ORIENTE (Ver Más..);VILLAVICENCIO;4,1512681;-73,6290518
289;VILLETA;INPROSALUD - TU MEDICO VILLETA (Ver Más..);DIAGONAL 3 # 3-201;INPROSALUD - TU MEDICO VILLETA (Ver Más..);VILLETA;4,150465;-73,6211049
290;YOPAL;CRC 130 YOPAL (Ver Más..);CARRERA 19 #14 28 CENTRO;CRC 130 YOPAL (Ver Más..);YOPAL;5,0090481;-74,479004
291;YOPAL;EVALUANDO YOPAL (Ver Más..);CARRERA 20 # 20 A - 30;EVALUANDO YOPAL (Ver Más..);YOPAL;5,34269;-72,3987007
292;YOPAL;INPROSALUD - SER CONDUCTOR YOPAL (Ver Más..);CALLE 15 # 14-27;INPROSALUD - SER CONDUCTOR YOPAL (Ver Más..);YOPAL;5,3467713;-72,3998883
293;ZIPAQUIRA;CERTIMEDIC VIALCAR SAS (Ver Más..);CARRERA 10 1 86;CERTIMEDIC VIALCAR SAS (Ver Más..);ZIPAQUIRA;5,3468373;-72,3908519
294;ZIPAQUIRA;CRC SEGVIAL LTDA ZIPAQUIRA (Ver Más..);CALLE 6 # 10 20 PISO 2;CRC SEGVIAL LTDA ZIPAQUIRA (Ver Más..);ZIPAQUIRA;5,0202375;-74,0037039
;;;;;;5,0233496;-74,0016107
