1;1;A PRUEBA ACACIAS;Meta;CL 15 No  21  04 COOPERATIVO;CENTRO ACTIVO;Meta;CL 15 No  21  04 COOPERATIVO
2;2;A PRUEBA AUTONORTE;Bogotá D.C;AUTONORTE No  86 65;CENTRO ACTIVO;Bogotá D.C;AUTONORTE No  86 65
3;3;A PRUEBA BARRANQUILLA;Atlántico;CARRERA 46 No  39 02;CENTRO ACTIVO;Atlántico;CARRERA 46 No  39 02
4;4;A PRUEBA BOGOTA ALAMOS;Bogotá D.C;DG 63 F No 88 A 54 P2;CENTRO ACTIVO;Bogotá D.C;DG 63 F No 88 A 54 P2
5;5;A PRUEBA BOGOTA CEDRITOS;Bogotá D.C;CL 147 No 19 58 LC 29;CENTRO ACTIVO;Bogotá D.C;CL 147 No 19 58 LC 29
6;6;A PRUEBA BOGOTA NIZA;Bogotá D.C;AV SUBA No 124 32 LC 32;CENTRO ACTIVO;Bogotá D.C;AV SUBA No 124 32 LC 32
7;7;A PRUEBA CALLE 44;Bogotá D.C;Calle 44 No 54 78;CENTRO ACTIVO;Bogotá D.C;Calle 44 No 54 78
8;8;A PRUEBA CUCUTA CENTRO;Norte de Santander;AV 3 N 17  19 BARRIO LA PLAYA;CENTRO ACTIVO;Norte de Santander;AV 3 N 17  19 BARRIO LA PLAYA
9;9;A PRUEBA ENVIGADO;Antioquia;CR 77C No  52 37;CENTRO ACTIVO;Antioquia;CR 77C No  52 37
10;10;A PRUEBA ESPINAL;Tolima;Calle 11 No 8 63 Barrio Centro;CENTRO ACTIVO;Tolima;Calle 11 No 8 63 Barrio Centro
11;11;A PRUEBA IBAGUE;Tolima;Cra 5 Zona Ind El Papayo Cruz Roja;CENTRO ACTIVO;Tolima;Cra 5 Zona Ind El Papayo Cruz Roja
12;12;A PRUEBA MOSQUERA;Cundinamarca;CR 1 No 2 11 p 2;CENTRO ACTIVO;Cundinamarca;CR 1 No 2 11 p 2
13;13;A PRUEBA PALMIRA;Valle del Cauca;Calle 47 No. 36- 14;CENTRO ACTIVO;Valle del Cauca;Calle 47 No. 36- 14
14;14;A PRUEBA PASTO;Nariño;CL 18 No 19B  08;CENTRO ACTIVO;Nariño;CL 18 No 19B  08
15;15;A PRUEBA SABANETA;Antioquia;CL 75 SUR No 45  26;CENTRO ACTIVO;Antioquia;CL 75 SUR No 45  26
16;16;A PRUEBA UT BOGOTA AV PRIMERO DE MAYO;Bogotá D.C;AV PRIMERO DE MAYO No 69 B   22 ;CENTRO ACTIVO;Bogotá D.C;AV PRIMERO DE MAYO No 69 B   22 
17;17;A PRUEBA UT BOGOTA RESTREPO;Bogotá D.C;CL 21 SUR No 16 73;CENTRO ACTIVO;Bogotá D.C;CL 21 SUR No 16 73
18;18;A PRUEBA UT BOGOTA TEQUENDAMA;Bogotá D.C;CR 10 No 27  51 LC 207;CENTRO ACTIVO;Bogotá D.C;CR 10 No 27  51 LC 207
19;19;ABC SEVILLANA CENTRO DE RECONOCIMIENTO A CONDUCTORES S.A.S;Bogotá D.C;TV 60 51 SUR 36;CENTRO ACTIVO;Bogotá D.C;TV 60 51 SUR 36
20;20;ACERCA CRC SANTANDER S.A;Santander;CRA. 27A No. 48-118 SOTOMAYOR;CENTRO ACTIVO;Santander;CRA. 27A No. 48-118 SOTOMAYOR
21;21;ACERTAR SOLUCIONES PRIMERO DE MAYO ;Bogotá D.C;TV 60 50 65 SUR;CENTRO ACTIVO;Bogotá D.C;TV 60 50 65 SUR
22;22;ACERTAR SOLUCIONES SEVILLANA;Bogotá D.C;AV CL 26 SUR 69A 45;CENTRO ACTIVO;Bogotá D.C;AV CL 26 SUR 69A 45
23;23;A-PRUEBA  U.T MEDELLIN;Antioquia;CR 77C No. 52-37;CENTRO ACTIVO;Antioquia;CR 77C No. 52-37
24;24;APRUEBA BELLO;Antioquia;DG 50 A No. 42 - 95 P-1;CENTRO ACTIVO;Antioquia;DG 50 A No. 42 - 95 P-1
25;25;APRUEBA CALI AVENIDA 5;Valle del Cauca;Calle 5 No 46 83 Local 201;CENTRO ACTIVO;Valle del Cauca;Calle 5 No 46 83 Local 201
26;26;A-PRUEBA FRANQUICIA TULUA-ANDALUCIA;Valle del Cauca;CR 30 No. 22-13;CENTRO ACTIVO;Valle del Cauca;CR 30 No. 22-13
27;27;A-PRUEBA MONTERIA;Córdoba;CL 56 No. 6 - 86;CENTRO ACTIVO;Córdoba;CL 56 No. 6 - 86
28;28;APRUEBA NEIVA;Huila;MERCANEIVA LOCAL 2229;CENTRO ACTIVO;Huila;MERCANEIVA LOCAL 2229
29;29;A-PRUEBA TUNJA MALDONADO;Boyacá;CR 10 No 27  16;CENTRO ACTIVO;Boyacá;CR 10 No 27  16
30;30;A-PRUEBA U.T CALI;Valle del Cauca;Autopista  Cali-Yumbo CL 70 N No. 3B N 200;CENTRO ACTIVO;Valle del Cauca;Autopista  Cali-Yumbo CL 70 N No. 3B N 200
31;31;A-PRUEBA VALLEDUPAR No 1;Cesar;CL 13 No 11 - 39 PISO 2;CENTRO ACTIVO;Cesar;CL 13 No 11 - 39 PISO 2
32;32;ATENTO IPS;Bogotá D.C;TRANSVERSAL  60  No. 124 -20  LOCAL  6-9;CENTRO ACTIVO;Bogotá D.C;TRANSVERSAL  60  No. 124 -20  LOCAL  6-9
33;33;AUTOMOVILES Y SALUD SAS;Antioquia;CARRERA 64C N 72-20;CENTRO ACTIVO;Antioquia;CARRERA 64C N 72-20
34;34;AVALAMOS CALI CRC LTDA CENTRO DE RECONOCIMIENTO DE C0NDUCTORES;Valle del Cauca;CALLE 52 No. 1b-160 LOCAL 102-103;CENTRO ACTIVO;Valle del Cauca;CALLE 52 No. 1b-160 LOCAL 102-103
35;35;AVALAMOS CRC No. 2;Valle del Cauca;CARRERA 3 No. 58-05 PISO 2;CENTRO ACTIVO;Valle del Cauca;CARRERA 3 No. 58-05 PISO 2
36;36;AVALAMOS CRC No. 3;Valle del Cauca;CARRERA 98 No. 25-130 LOCAL 25-26;CENTRO ACTIVO;Valle del Cauca;CARRERA 98 No. 25-130 LOCAL 25-26
37;37;CAFIMCO URABÁ EU;Antioquia;CALLE 100 # 105-33 PISO 2°;CENTRO ACTIVO;Antioquia;CALLE 100 # 105-33 PISO 2°
38;38;CAIC LTDA ;Bogotá D.C;CLL 67 NO. 27B-33;CENTRO ACTIVO;Bogotá D.C;CLL 67 NO. 27B-33
39;39;Calle 127;Bogotá D.C;Av el Dorado No 69A 51;CENTRO ACTIVO;Bogotá D.C;Av el Dorado No 69A 51
40;40;CAR CENTER INTERNATIONAL ;Antioquia; Carrera 43 B # 6 S - 140;CENTRO ACTIVO;Antioquia; Carrera 43 B # 6 S - 140
41;41;CARDECAM SAS;Cundinamarca;DIAGONAL 8 N. 32/73 BARRIO BLANCO;CENTRO ACTIVO;Cundinamarca;DIAGONAL 8 N. 32/73 BARRIO BLANCO
42;42;CARIBE S.A.S. CENTRO DE RECONOCIMIENTO DEL CONDUCTOR;ARCHIPIÉLAGO DE SAN ANDRÉS, PROV Y STA CATALINA;Av. 20 DE Julio No. 4A-45;CENTRO ACTIVO;ARCHIPIÉLAGO DE SAN ANDRÉS, PROV Y STA CATALINA;Av. 20 DE Julio No. 4A-45
43;43;CEMEC CENTRO MEDICO DEL EJE CAFETERO ;Risaralda;CRA 9 # 38-24 EDIFICIO VENECIA CENTRO;CENTRO ACTIVO;Risaralda;CRA 9 # 38-24 EDIFICIO VENECIA CENTRO
44;44;CEMPRESALUD S.A.S.;Quindio;CR 5 12-66 LOCAL 5;CENTRO ACTIVO;Quindio;CR 5 12-66 LOCAL 5
45;45;CENTRO  DE CERTIFICACION DE APTITUD FISICA Y MENTAL - CERTINTEGRAL IPS SAS;Norte de Santander;CENTRO COMERCIAL BOLIVAR - LOCAL 23;CENTRO ACTIVO;Norte de Santander;CENTRO COMERCIAL BOLIVAR - LOCAL 23
46;46;CENTRO CENTRO DE DIAGNOSTICO PSICOMETRICO GUIAR  SALUD IPS ;Bogotá D.C;CALLE 3A NO. 53F-74 ;CENTRO ACTIVO;Bogotá D.C;CALLE 3A NO. 53F-74 
47;47;CENTRO DE CERTIFICACION DE PERSONAS CERTIFICARNORTE LTDA;Atlántico;CARRERA 38 NUMERO 74-314;CENTRO ACTIVO;Atlántico;CARRERA 38 NUMERO 74-314
48;48;CENTRO DE EVALUACION MEDICA PORVIDA LIMITADA;Bogotá D.C;AV. CALLE 9 NO. 50-15 LOCAL C-1060 CENTRO COMERCIAL CARRERA;CENTRO ACTIVO;Bogotá D.C;AV. CALLE 9 NO. 50-15 LOCAL C-1060 CENTRO COMERCIAL CARRERA
49;49;CENTRO DE EVALUACION Y RECONOCIMIENTO TECNICO DE CONDUCTORES LA UNION S.A. No1;Valle del Cauca;CALLE 94 No 8B-13;CENTRO ACTIVO;Valle del Cauca;CALLE 94 No 8B-13
50;50;CENTRO DE RECONOCIMIENO DE CONDUCTORES PROBATIO SAS;Atlántico;CALLE 10 No. 20 - 32 Apo 1 ;CENTRO ACTIVO;Atlántico;CALLE 10 No. 20 - 32 Apo 1 
51;51;CENTRO DE RECONOCIMIENTO  DE  CONDUCTORES CRC APTO CARTAGENA S..A.S;Bolívar;CARRERA 81B-N24-246;CENTRO ACTIVO;Bolívar;CARRERA 81B-N24-246
52;52;CENTRO DE RECONOCIMIENTO AL CONDUCTOR IPS;Tolima;800 mts via ibague;CENTRO ACTIVO;Tolima;800 mts via ibague
53;53;CENTRO DE RECONOCIMIENTO DE ANTIOQUIA SAS;Antioquia;CALLE 74 Nº 64B-40;CENTRO ACTIVO;Antioquia;CALLE 74 Nº 64B-40
54;54;Centro de Reconocimiento de Bogota Limitada  CERTIBOGOTA LTDA;Bogotá D.C;CL 30 17 29;CENTRO ACTIVO;Bogotá D.C;CL 30 17 29
55;55;CENTRO DE RECONOCIMIENTO DE CALI LTDA;Valle del Cauca;CARRERA 3 N° 57-29 PISO 2°;CENTRO ACTIVO;Valle del Cauca;CARRERA 3 N° 57-29 PISO 2°
56;56;CENTRO DE RECONOCIMIENTO DE CONDUCTORES  CONDUSALUD IPS SAS;Boyacá;CR 15 11 41;CENTRO ACTIVO;Boyacá;CR 15 11 41
57;57;centro de reconocimiento de conductores acopi yumbo s.a.s;Valle del Cauca;CRA 40  # 11-159  TUMBO VALLE DEL CAUCA;CENTRO ACTIVO;Valle del Cauca;CRA 40  # 11-159  TUMBO VALLE DEL CAUCA
58;58;CENTRO DE RECONOCIMIENTO DE CONDUCTORES ALFA SALUD;Santander;CALLE 43 Nº 35-28  PISO 2;CENTRO ACTIVO;Santander;CALLE 43 Nº 35-28  PISO 2
59;59;centro de reconocimiento de conductores apto s.a.s;La Guajira;calle 17 #4-03;CENTRO ACTIVO;La Guajira;calle 17 #4-03
60;60;CENTRO DE RECONOCIMIENTO DE CONDUCTORES CERTIFICATE S.A.S.;Norte de Santander;CRA 7 10-40 LOMITAS;CENTRO ACTIVO;Norte de Santander;CRA 7 10-40 LOMITAS
61;61;CENTRO DE RECONOCIMIENTO DE CONDUCTORES CERTIFICO CRC S.A.S;Nariño;Calle 5 Este No. 1N-39;CENTRO ACTIVO;Nariño;Calle 5 Este No. 1N-39
62;62;CENTRO DE RECONOCIMIENTO DE CONDUCTORES CERTIFUSA;Cundinamarca;CARRERA 7 NO. 5-49 CENTRO;CENTRO ACTIVO;Cundinamarca;CARRERA 7 NO. 5-49 CENTRO
63;63;CENTRO DE RECONOCIMIENTO DE CONDUCTORES CERTIPRUEBA SAS;Antioquia;TRANSVERSAL 39 A 70- 40;CENTRO ACTIVO;Antioquia;TRANSVERSAL 39 A 70- 40
64;64;Centro de Reconocimiento de conductores Certisur Ltda. ;Antioquia;CLL 50 #46-27;CENTRO ACTIVO;Antioquia;CLL 50 #46-27
65;65;CENTRO DE RECONOCIMIENTO DE CONDUCTORES CONDUMED IPS S.A.S;Antioquia;CR 56C No 54-12 OFICINA 201;CENTRO ACTIVO;Antioquia;CR 56C No 54-12 OFICINA 201
66;66;CENTRO DE RECONOCIMIENTO DE CONDUCTORES CORAZON DEL VALLE;Valle del Cauca;CRA 30 VIA MORALES - PISO 2;CENTRO ACTIVO;Valle del Cauca;CRA 30 VIA MORALES - PISO 2
67;67;CENTRO DE RECONOCIMIENTO DE CONDUCTORES CRC 1232 SAS;Magdalena;CRA 20 12-32;CENTRO ACTIVO;Magdalena;CRA 20 12-32
68;68;CENTRO DE RECONOCIMIENTO DE CONDUCTORES CRC CERTIFICAMOS S.A.S;Nariño;CARRERA 14 NO. 15-48;CENTRO ACTIVO;Nariño;CARRERA 14 NO. 15-48
69;69;CENTRO DE RECONOCIMIENTO DE CONDUCTORES CRC MACONDO SAS;Magdalena;CRA 19 11C-09 LOS ALMENDROS;CENTRO ACTIVO;Magdalena;CRA 19 11C-09 LOS ALMENDROS
70;70;CENTRO DE RECONOCIMIENTO DE CONDUCTORES CRC MANACACIAS S.A.S.;Meta;Calle 10 No. 4-06 Triunfo;CENTRO ACTIVO;Meta;Calle 10 No. 4-06 Triunfo
71;71;Centro de Reconocimiento de Conductores CRC Medisalud Guaviare S.A.S;Guaviare;Calle 9D 19 04;CENTRO ACTIVO;Guaviare;Calle 9D 19 04
72;72;CENTRO DE RECONOCIMIENTO DE CONDUCTORES CRC SEGVIAL LTDA;Cundinamarca;CALLE 6 N. 10-20 PISO 2;CENTRO ACTIVO;Cundinamarca;CALLE 6 N. 10-20 PISO 2
73;73;CENTRO DE RECONOCIMIENTO DE CONDUCTORES CRC TAYRONA SAS;Magdalena;AV SANTA RITA CALLE 22 11-20;CENTRO ACTIVO;Magdalena;AV SANTA RITA CALLE 22 11-20
74;74;CENTRO DE RECONOCIMIENTO DE CONDUCTORES DE BUGA LTDA;Valle del Cauca;Calle 6 No 16 40;CENTRO ACTIVO;Valle del Cauca;Calle 6 No 16 40
75;75;CENTRO DE RECONOCIMIENTO DE CONDUCTORES DE FLORIDA S.A;Valle del Cauca;Calle 8 No. 20-16;CENTRO ACTIVO;Valle del Cauca;Calle 8 No. 20-16
76;76;CENTRO DE RECONOCIMIENTO DE CONDUCTORES DEL CAUCA SAS;Cauca;CRA. 50 No.3-145 ;CENTRO ACTIVO;Cauca;CRA. 50 No.3-145 
77;77;CENTRO DE RECONOCIMIENTO DE CONDUCTORES DEL NORTE CRC S.A.S;Antioquia;CALLE 29 # 30 -39;CENTRO ACTIVO;Antioquia;CALLE 29 # 30 -39
78;78;CENTRO DE RECONOCIMIENTO DE CONDUCTORES EL PORTEÑO;Santander;CALLE 49 Nº 3-07;CENTRO ACTIVO;Santander;CALLE 49 Nº 3-07
79;79;CENTRO DE RECONOCIMIENTO DE CONDUCTORES EMPRESA PRESTADORA DE SERVICIOS DE SALUD;Caquetá;CALLE 17 6-57 BARRIO 7 DE AGOSTO;CENTRO ACTIVO;Caquetá;CALLE 17 6-57 BARRIO 7 DE AGOSTO
80;80;CENTRO DE RECONOCIMIENTO DE CONDUCTORES EXAMINAR LTDA;Casanare;CALLE  9  #  19  -  18  BARRIO SEVILLA;CENTRO ACTIVO;Casanare;CALLE  9  #  19  -  18  BARRIO SEVILLA
81;81;CENTRO DE RECONOCIMIENTO DE CONDUCTORES ICSA S.A.S.;Santander;CALLE 39 No. 22-48;CENTRO ACTIVO;Santander;CALLE 39 No. 22-48
82;82;CENTRO DE RECONOCIMIENTO DE CONDUCTORES IPS SAS;Meta;MARBELLA ED MAR DEL NORTE LC 8;CENTRO ACTIVO;Meta;MARBELLA ED MAR DEL NORTE LC 8
83;83;CENTRO DE RECONOCIMIENTO DE CONDUCTORES IPS VIA SERVIMEG;Bogotá D.C;DIAGONAL 63 F # 88 - 40;CENTRO ACTIVO;Bogotá D.C;DIAGONAL 63 F # 88 - 40
84;84;CENTRO DE RECONOCIMIENTO DE CONDUCTORES LA PRIMERA;Bogotá D.C;CR 69 B NO. 25 SUR 01 AP BG 01;CENTRO ACTIVO;Bogotá D.C;CR 69 B NO. 25 SUR 01 AP BG 01
85;85;CENTRO DE RECONOCIMIENTO DE CONDUCTORES LOS PRIMOS SANTOS DE- PRISA;Arauca;Carrera 12 # 14-65 Tame – Arauca.;CENTRO ACTIVO;Arauca;Carrera 12 # 14-65 Tame – Arauca.
86;86;CENTRO DE RECONOCIMIENTO DE CONDUCTORES MEDICSALUD S.A.S;Bogotá D.C;AC 26 SUR # 69 A 31 PISO 2;CENTRO ACTIVO;Bogotá D.C;AC 26 SUR # 69 A 31 PISO 2
87;87;CENTRO DE RECONOCIMIENTO DE CONDUCTORES PROBATIO SAS;Atlántico;CALLE 10 No. 20 - 32 Apo 1 ;CENTRO ACTIVO;Atlántico;CALLE 10 No. 20 - 32 Apo 1 
88;88;CENTRO DE RECONOCIMIENTO DE CONDUCTORES S.A.S;Antioquia;CR 65 74 53 LOCAL 2;CENTRO ACTIVO;Antioquia;CR 65 74 53 LOCAL 2
89;89;CENTRO DE RECONOCIMIENTO DE CONDUCTORES SALUBOY  IPS SAS ;Boyacá;Calle 19 No. 20-23;CENTRO ACTIVO;Boyacá;Calle 19 No. 20-23
90;90;Centro de Reconocimiento de Conductores San Diego;Bogotá D.C;CR 69 BIS No. 26 - 51 OF 201;CENTRO ACTIVO;Bogotá D.C;CR 69 BIS No. 26 - 51 OF 201
91;91;CENTRO DE RECONOCIMIENTO DE CONDUCTORES SOBRE RUEDAS PALOQUEMAO;Bogotá D.C;CALLE 18 N 28 A08;CENTRO ACTIVO;Bogotá D.C;CALLE 18 N 28 A08
92;92;CENTRO DE RECONOCIMIENTO DE CONDUCTORES VALLEDUPAR LTDA;Nariño;CALLE 18 NO. 19-21 CENTRO;CENTRO ACTIVO;Nariño;CALLE 18 NO. 19-21 CENTRO
93;93;CENTRO DE RECONOCIMIENTO DE SANTANDER LTDA;Santander;Calle 5 No 5-13 Piso 2 ;CENTRO ACTIVO;Santander;Calle 5 No 5-13 Piso 2 
94;94;CENTRO DE RECONOCIMIENTO DEL CARIBE LTDA.;Atlántico;CR 59 No 72-47;CENTRO ACTIVO;Atlántico;CR 59 No 72-47
95;95;CENTRO DE RECONOCIMIENTO DEL CONDUCTOR CERTISALUD CRC S.A.S;Bogotá D.C;AV CALLE 147 No.19-50 LOCAL 18;CENTRO ACTIVO;Bogotá D.C;AV CALLE 147 No.19-50 LOCAL 18
96;96;CENTRO DE RECONOCIMIENTO DEL LITORAL IPS LIMITADA;Atlántico;CRA. 15 No. 29-91;CENTRO ACTIVO;Atlántico;CRA. 15 No. 29-91
97;97;Centro de reconocimiento del Occidente colombiano - Caribe;Antioquia;CALLE 48 No. 47B-81;CENTRO ACTIVO;Antioquia;CALLE 48 No. 47B-81
98;98;Centro de reconocimiento del Occidente colombiano - La Ceja;Antioquia;Cll 22 N 15a-18;CENTRO ACTIVO;Antioquia;Cll 22 N 15a-18
99;99;Centro de reconocimiento del Occidente colombiano -del Uraba;Antioquia;Cll 96 N 99a-38;CENTRO ACTIVO;Antioquia;Cll 96 N 99a-38
100;100;CENTRO DE RECONOCIMIENTO DEL VALLE LIMITADA;Bogotá D.C;CL 64 G No 90A -37;CENTRO ACTIVO;Bogotá D.C;CL 64 G No 90A -37
101;101;CENTRO DE RECONOCIMIENTO DRIVER S.A.S;Magdalena;CALLE 8 No.5-17 APTO 201;CENTRO ACTIVO;Magdalena;CALLE 8 No.5-17 APTO 201
102;102;CENTRO DE RECONOCIMIENTO IPS LAS AMERICAS;Nariño;CARREA 6 NO 24C-05 B. FUNDADORES;CENTRO ACTIVO;Nariño;CARREA 6 NO 24C-05 B. FUNDADORES
103;103;CENTRO DE RECONOCIMIENTO MEDICO DEL TOLIMA LTDA;Tolima;CARRERA 5 Nº 13 - 57;CENTRO ACTIVO;Tolima;CARRERA 5 Nº 13 - 57
104;104;CENTRO DE RECONOCIMIENTO PARA CONDUCTORES CRC SANTO DOMINGO;Cauca;CALLE 5 # 20-09  B/ JOSE MARIA OBANDO;CENTRO ACTIVO;Cauca;CALLE 5 # 20-09  B/ JOSE MARIA OBANDO
105;105;Centro de Reconocimiento Salud Dorada S.A.S.;Caldas;Calle 15 # 1A - 26;CENTRO ACTIVO;Caldas;Calle 15 # 1A - 26
106;106;CENTRO DIAGNOSTICO PSICOSENSOMETRICO DEL NORTE DEL VALLE;Valle del Cauca;Calle 9 Carrera 2N Esquina;CENTRO ACTIVO;Valle del Cauca;Calle 9 Carrera 2N Esquina
107;107;CENTRO DIAGNOSTICO PSICOSENSOMETRICO DEL VALLE DEL CAUCA SAS;Valle del Cauca;CL 9 CR 2 NORTE ESQUINA;CENTRO ACTIVO;Valle del Cauca;CL 9 CR 2 NORTE ESQUINA
108;108;CENTRO DIAGNOSTICO PSICOSENSOMETRICO SAS;Caldas;CRA 23 NRO 31 -09;CENTRO ACTIVO;Caldas;CRA 23 NRO 31 -09
109;109;CENTRO ESPECIALIZADO DE ATENCIÓN AL TRANSITO Y TRANSPORTE;Meta;CLL 35 No. 41 -78 Barzal;CENTRO ACTIVO;Meta;CLL 35 No. 41 -78 Barzal
110;110;CENTRO MEDICO FAMILIAS;Santander;CARRERA 11 Nº 49-46;CENTRO ACTIVO;Santander;CARRERA 11 Nº 49-46
111;111;CENTRO MEDICO SALUD VITAL EJE CAFETERO SAS CRC;Valle del Cauca;CALLE 10 No 14 94;CENTRO ACTIVO;Valle del Cauca;CALLE 10 No 14 94
112;112;Centro nacional de analisis a conductores Cota ltda;Magdalena;Avenida ferrocarril calle 18 #8-48 piso 2;CENTRO ACTIVO;Magdalena;Avenida ferrocarril calle 18 #8-48 piso 2
113;113;CentroSOC;Bogotá D.C;Calle 25;CENTRO ACTIVO;Bogotá D.C;Calle 25
114;114;CERC ROOSEVELT S.A;Valle del Cauca;AV ROOSVELT 38 43 P 2;CENTRO ACTIVO;Valle del Cauca;AV ROOSVELT 38 43 P 2
115;115;CERECON SAS CALI;Valle del Cauca;calle 10 No. 58-19 ;CENTRO ACTIVO;Valle del Cauca;calle 10 No. 58-19 
116;116;CERECON SAS GRANADA ;Meta;CALLE 12 No. 14-82 PISO 2;CENTRO ACTIVO;Meta;CALLE 12 No. 14-82 PISO 2
117;117;CERECON SAS MEDELLIN PRINCIPAL;Antioquia;CARRERA 52 No. 62-11 PISO 2;CENTRO ACTIVO;Antioquia;CARRERA 52 No. 62-11 PISO 2
118;118;CERECON SAS QUIBDO;Chocó;CARRERA 3 No. 25-49 PISO 2;CENTRO ACTIVO;Chocó;CARRERA 3 No. 25-49 PISO 2
119;119;CERECSA CENTRO DE RECONOCIMIENTO DE CONDUCTORES S.A I.P.S CARTAGENA;Bolívar;MARBELLA AV, SANTANDER N 46 A 96 EDIFICIO MAR DEL NORTE LC 8;CENTRO ACTIVO;Bolívar;MARBELLA AV, SANTANDER N 46 A 96 EDIFICIO MAR DEL NORTE LC 8
120;120;CERECSA CENTRO DE RECONOCIMIENTO DE CONDUCTORES S.A I.P.S SANTA MARTA;Magdalena;CALLE 15 N. 2 60 EDIFICIO BOLIVAR LOCAL 101-102;CENTRO ACTIVO;Magdalena;CALLE 15 N. 2 60 EDIFICIO BOLIVAR LOCAL 101-102
121;121;CERT conductores s.a.;Antioquia;Cra 56 A N 55-49;CENTRO ACTIVO;Antioquia;Cra 56 A N 55-49
122;122;CERT POBLADO;Antioquia;CRA 43 A No. 9-10 PISO 2;CENTRO ACTIVO;Antioquia;CRA 43 A No. 9-10 PISO 2
123;123;Certec SAS;Antioquia;Calle 48 No 65 - 30;CENTRO ACTIVO;Antioquia;Calle 48 No 65 - 30
124;124;CERTI MEDICA CONDUCTORES IPS SAS;Bogotá D.C;AK 30  # 1A-72 LOCAL 101;CENTRO ACTIVO;Bogotá D.C;AK 30  # 1A-72 LOCAL 101
125;125;CERTICONDUCCION SAS;Caldas;cra 5 Nro. 10 - 31;CENTRO ACTIVO;Caldas;cra 5 Nro. 10 - 31
126;126;CERTICONDUCTORES DE SUCRE SAS;Sucre;CALLE 17 No. 30-66 BARRIO MAJAGUAL;CENTRO ACTIVO;Sucre;CALLE 17 No. 30-66 BARRIO MAJAGUAL
127;127;CERTIFICACION DE CONDUCTORES SAS - CERTICONDUCTORES ;Bogotá D.C;Calle 146b No. 90-70 Suba Centro ;CENTRO ACTIVO;Bogotá D.C;Calle 146b No. 90-70 Suba Centro 
128;128;CERTIFICACIONES A CONDUCTORES TURBACO SAS;Bolívar;CRR TRONCAL SECTOR 2 TURBACO ;CENTRO ACTIVO;Bolívar;CRR TRONCAL SECTOR 2 TURBACO 
129;129;CERTIFICAMOS CENTRO DE RECONOCIMIENTO DE CONDUCTORES;Putumayo;CARRERA 4 Nº 10-43;CENTRO ACTIVO;Putumayo;CARRERA 4 Nº 10-43
130;130;CERTIFICAMOS Y AUDITAMOS IPS SAS;Tolima;CRA 5 No 59-13 B/LIMONAR;CENTRO ACTIVO;Tolima;CRA 5 No 59-13 B/LIMONAR
131;131;CERTIFICAR.ORG;Bogotá D.C;CALLE 45 N° 27 A 12;CENTRO ACTIVO;Bogotá D.C;CALLE 45 N° 27 A 12
132;132;CERTIFICATE YA POPAYAN IPS S.A.S;Cauca;Carrera 10 No. 6N - 28;CENTRO ACTIVO;Cauca;Carrera 10 No. 6N - 28
133;133;CERTIFISALUD NEIVA;Huila;Calle 21 No 5a 70;CENTRO ACTIVO;Huila;Calle 21 No 5a 70
134;134;CERTIMED SAS COROZAL PRINCIPAL;Sucre;cra 27 n 31-43 ;CENTRO ACTIVO;Sucre;cra 27 n 31-43 
135;135;CERTIMED SAS CUCUTA;Norte de Santander;CLL 16 N 5-74 BARRIO BENJAMIN HERRERA;CENTRO ACTIVO;Norte de Santander;CLL 16 N 5-74 BARRIO BENJAMIN HERRERA
136;136;CERTIMEDIC VIALCAR SAS;Cundinamarca;CARRERA 10 N 1 86;CENTRO ACTIVO;Cundinamarca;CARRERA 10 N 1 86
137;137;CERTIORIENTE SAS;Antioquia;CALLE 58 47 -04 ;CENTRO ACTIVO;Antioquia;CALLE 58 47 -04 
138;138;CERTIPASE SAS;Cundinamarca;CARRERA 7 N.16-74 PISO 2;CENTRO ACTIVO;Cundinamarca;CARRERA 7 N.16-74 PISO 2
139;139;CERTISALUD DEL CONDUCTOR;Córdoba;CALLE 31 No. 26-11;CENTRO ACTIVO;Córdoba;CALLE 31 No. 26-11
140;140;CERTISALUD SAS ;Santander;CR 7 N 8-22 BARRIO CENTRO ;CENTRO ACTIVO;Santander;CR 7 N 8-22 BARRIO CENTRO 
141;141;CERTISALUD SAS PIEDECUESTA;Santander;CR 7 N 8-22 BARRIO CENTRO ;CENTRO ACTIVO;Santander;CR 7 N 8-22 BARRIO CENTRO 
142;142;CERTISUCRE LTDA;Sucre;CALLE 22 NO 18-35 CENTRO;CENTRO ACTIVO;Sucre;CALLE 22 NO 18-35 CENTRO
143;143;CERTITRANS S.A.S;Atlántico;CLL 25  No 19-47;CENTRO ACTIVO;Atlántico;CLL 25  No 19-47
144;144;Certiya S.A.S;Nariño;Calle 18 # 19 - 31 Piso 2;CENTRO ACTIVO;Nariño;Calle 18 # 19 - 31 Piso 2
145;145;CERTRANS 36 IPS SAS;Boyacá;Kilómetro 3 Via Tunja Paipa;CENTRO ACTIVO;Boyacá;Kilómetro 3 Via Tunja Paipa
146;146;COLMEDICOS S.A;Antioquia;CALLE 50 n48-03 PISO 4;CENTRO ACTIVO;Antioquia;CALLE 50 n48-03 PISO 4
147;147;COMPAÑÍA MEDICA APOLO SAS;Bogotá D.C;CARRERA 19 N° 12-51 LOCAL L1-386;CENTRO ACTIVO;Bogotá D.C;CARRERA 19 N° 12-51 LOCAL L1-386
148;148;CONDUCERTI S.A.S;Antioquia;CALLE 62 # 47-18;CENTRO ACTIVO;Antioquia;CALLE 62 # 47-18
149;149;CONDUCIENDO LTDA;Caldas;CR 2 14  60;CENTRO ACTIVO;Caldas;CR 2 14  60
150;150;Condufiable s.a.s;Antioquia;cl 48 Nro 78A - 20;CENTRO ACTIVO;Antioquia;cl 48 Nro 78A - 20
151;151;CONDUPRUEBAS MEDICAS IPS SAS;Antioquia;CL 33 # 65C 94 P2;CENTRO ACTIVO;Antioquia;CL 33 # 65C 94 P2
152;152;CONDUSALUD INTEGRAL SA;Antioquia;CARRERA 50 # 58 7;CENTRO ACTIVO;Antioquia;CARRERA 50 # 58 7
153;153;CONDUSALUD IPS S.A.S;Boyacá;TRANSVERSAL 18 Nª 20-20;CENTRO ACTIVO;Boyacá;TRANSVERSAL 18 Nª 20-20
154;154;CONDUSER UNO LTDA;Risaralda;CR 15 BIS No. 38 - 41;CENTRO ACTIVO;Risaralda;CR 15 BIS No. 38 - 41
155;155;CONFIA CRC;Santander;Cra 32 No. 49-28;CENTRO ACTIVO;Santander;Cra 32 No. 49-28
156;156;CRC 012 COLSUBSIDIO;Bogotá D.C;CALLE 27A No. 25-09;CENTRO ACTIVO;Bogotá D.C;CALLE 27A No. 25-09
157;157;CRC 03 ALAMOS;Bogotá D.C;DIAG. 63 F N° 88A-29 PISO 2;CENTRO ACTIVO;Bogotá D.C;DIAG. 63 F N° 88A-29 PISO 2
158;158;CRC 030 ACACIAS;Meta;CALLE 15 N 16 68 CENTRO;CENTRO ACTIVO;Meta;CALLE 15 N 16 68 CENTRO
159;159;CRC 04 RESTREPO;Bogotá D.C;Av. Cr 19 No 147_30 Local 14;CENTRO ACTIVO;Bogotá D.C;Av. Cr 19 No 147_30 Local 14
160;160;CRC 08 CEDRITOS;Bogotá D.C;AV. CRA. 19 147-30 LOCAL 14 ;CENTRO ACTIVO;Bogotá D.C;AV. CRA. 19 147-30 LOCAL 14 
161;161;CRC 090 ARMENIA;Quindio;Calle 26 No 15 - 34 Locales 7 y 8 Centro ;CENTRO ACTIVO;Quindio;Calle 26 No 15 - 34 Locales 7 y 8 Centro 
162;162;CRC 10 EL POLO;Bogotá D.C;AK 20 Nº 82 - 17;CENTRO ACTIVO;Bogotá D.C;AK 20 Nº 82 - 17
163;163;CRC 102 PALERMO;Huila;CL 33 No 5P 02;CENTRO ACTIVO;Huila;CL 33 No 5P 02
164;164;CRC 109 ESPINAL;Tolima;CRA 7 N 10-01 OFIC 405/408;CENTRO ACTIVO;Tolima;CRA 7 N 10-01 OFIC 405/408
165;165;CRC 130 YOPAL;Casanare;Carrera 19 No. 14-28 Barrio Centro;CENTRO ACTIVO;Casanare;Carrera 19 No. 14-28 Barrio Centro
166;166;CRC 132 PATIOS;Norte de Santander;AV. 10 No. 28-46 local 102 Patios Centro;CENTRO ACTIVO;Norte de Santander;AV. 10 No. 28-46 local 102 Patios Centro
167;167;CRC 133 TULUA;Valle del Cauca;CALLE  29 No 27 35;CENTRO ACTIVO;Valle del Cauca;CALLE  29 No 27 35
168;168;CRC 143 SAN JOSE DEL GUAVIARE;Guaviare;Carrera 23 No 10-80;CENTRO ACTIVO;Guaviare;Carrera 23 No 10-80
169;169;CRC 155 FACATATIVA;Cundinamarca;CARRERA 3 NO. 251 SEGUNDO PISO;CENTRO ACTIVO;Cundinamarca;CARRERA 3 NO. 251 SEGUNDO PISO
170;170;CRC 203 ENVIGADO;Antioquia;CR 48 No 49 SUR  40;CENTRO ACTIVO;Antioquia;CR 48 No 49 SUR  40
171;171;CRC 207 MEDELLIN ÉXITO COLOMBIA;Antioquia;CRA 76 Nº 32 E 31;CENTRO ACTIVO;Antioquia;CRA 76 Nº 32 E 31
172;172;CRC 320 SINCELEJO;Sucre;CR 19 B No. 16-60;CENTRO ACTIVO;Sucre;CR 19 B No. 16-60
173;173;CRC 355 CALI-SALOMIA;Valle del Cauca;CALLE 52 No 2 B1-22;CENTRO ACTIVO;Valle del Cauca;CALLE 52 No 2 B1-22
174;174;CRC 356 BUENAVENTURA;Valle del Cauca;CARRERA 10;CENTRO ACTIVO;Valle del Cauca;CARRERA 10
175;175;CRC 7 DE AGOSTO SUCURSAL CEDRITOS;Bogotá D.C;CL 67 27B 33/35;CENTRO ACTIVO;Bogotá D.C;CL 67 27B 33/35
176;176;CRC ACC DE LA COSTA IPS;Atlántico;CRA 46 No 48  91 LOCAL 2;CENTRO ACTIVO;Atlántico;CRA 46 No 48  91 LOCAL 2
177;177;CRC AL VOLANTE S.A.S.;Caldas;CLL 11 Nro. 8 - 16 PISO 2;CENTRO ACTIVO;Caldas;CLL 11 Nro. 8 - 16 PISO 2
178;178;CRC CERTIFICAR IPS SAS;Putumayo;Calle 9 No 19 30;CENTRO ACTIVO;Putumayo;Calle 9 No 19 30
179;179;CRC CERTIVALORAMOS SAS;Valle del Cauca;CALLE 31 No. 38 - 47;CENTRO ACTIVO;Valle del Cauca;CALLE 31 No. 38 - 47
180;180;CRC CONDUCIR IPS LTDA;Caldas;CALLE 20 19-12 PISO 3;CENTRO ACTIVO;Caldas;CALLE 20 19-12 PISO 3
181;181;CRC CONDUSALUD IPS TUNJA ;Boyacá;CARRERA 10 # 27-05 PISO 2;CENTRO ACTIVO;Boyacá;CARRERA 10 # 27-05 PISO 2
182;182;CRC CONDUZK SAS;Bogotá D.C;Cra 69 B N° 25 SUR 41;CENTRO ACTIVO;Bogotá D.C;Cra 69 B N° 25 SUR 41
183;183;CRC DEL CAFE SAS;Quindio;CARRERA 16 NRO 23 23 LOC 3 ED PIJAO;CENTRO ACTIVO;Quindio;CARRERA 16 NRO 23 23 LOC 3 ED PIJAO
184;184;CRC EXAMINAR CUCUTA;Norte de Santander;AV 1 No 9  76 APT 202;CENTRO ACTIVO;Norte de Santander;AV 1 No 9  76 APT 202
185;185;CRC INTELIGENTE VILLAMARIA;Caldas;CR 3 # 13 - 30 AP 2;CENTRO ACTIVO;Caldas;CR 3 # 13 - 30 AP 2
186;186;CRC IPS A-PRUEBA.RIONEGRO.LTDA ;Antioquia;CALLE 63 A # 44 - 55;CENTRO ACTIVO;Antioquia;CALLE 63 A # 44 - 55
187;187;CRC Magdalena;Magdalena;Calle 7 N° 17-46;CENTRO ACTIVO;Magdalena;Calle 7 N° 17-46
188;188;CRC MEDIC BOYACA S.A.S.;Boyacá;CALLE 7 NRO 5 - 124 PISO 2;CENTRO ACTIVO;Boyacá;CALLE 7 NRO 5 - 124 PISO 2
189;189;CRC MEDICAR'S S.A.S;Santander;CALLE 42 No. 36-10 piso 3;CENTRO ACTIVO;Santander;CALLE 42 No. 36-10 piso 3
190;190;CRC PATIA;Cauca;CARRERA 6 N 4-77;CENTRO ACTIVO;Cauca;CARRERA 6 N 4-77
191;191;CRC PRECISION IPS E.U;Boyacá;CRA 10 20-62 ;CENTRO ACTIVO;Boyacá;CRA 10 20-62 
192;192;CRC PREVENIR SAS/CRC PREVENIR SEDE A;Santander;CRA 25 No. 47-11 BARRIO EL RECREO;CENTRO ACTIVO;Santander;CRA 25 No. 47-11 BARRIO EL RECREO
193;193;CRC SALUD INTEGRAL DE GARCIA ROVIRA SOCIEDAD LIMITADA;Santander;CALLE 12 No. 9 - 56;CENTRO ACTIVO;Santander;CALLE 12 No. 9 - 56
194;194;CRC TRANSITAR SAS;Quindio;CALLE 2 NORTE NO 18-47 B/ LA NUEVA CECILIA;CENTRO ACTIVO;Quindio;CALLE 2 NORTE NO 18-47 B/ LA NUEVA CECILIA
195;195;CRC UNICENTRO DE OCCIDENTE;Bogotá D.C;Carrera 111C # #86-05.Local 257.,  Bogotá, D.C.;CENTRO ACTIVO;Bogotá D.C;Carrera 111C # #86-05.Local 257.,  Bogotá, D.C.
196;196;CRC VALIDAMOS S.A.S;Bogotá D.C;Carrera 18 No 19 Sur 51 Piso 2;CENTRO ACTIVO;Bogotá D.C;Carrera 18 No 19 Sur 51 Piso 2
197;197;CRC VALORAMOS PEREIRA SAS;Risaralda;CRA 26 #70-32 PISO 2 CUBA;CENTRO ACTIVO;Risaralda;CRA 26 #70-32 PISO 2 CUBA
198;198;CRC VALORAMOS SANTA ROSA SAS;Risaralda;CARRERA 15 N 11-71;CENTRO ACTIVO;Risaralda;CARRERA 15 N 11-71
199;199;CRC-162-FUNZA;Bogotá D.C;Calle 14 No. 10-92 Piso 2  Centro;CENTRO ACTIVO;Bogotá D.C;Calle 14 No. 10-92 Piso 2  Centro
200;200;CRDM META SAS;Meta;CALLE 37 A N~ 19A-52 JORDAN PARAISO ;CENTRO ACTIVO;Meta;CALLE 37 A N~ 19A-52 JORDAN PARAISO 
201;201;CRPS BUGA;Valle del Cauca;CALL 9 # 17- 62;CENTRO ACTIVO;Valle del Cauca;CALL 9 # 17- 62
202;202;CRPS GIRARDOT;Cundinamarca;CRA 7A No 29- 87 LA MAGDALENA;CENTRO ACTIVO;Cundinamarca;CRA 7A No 29- 87 LA MAGDALENA
203;203;CRPS MODELIA;Bogotá D.C;AV CALLE 24 No 82 58  ;CENTRO ACTIVO;Bogotá D.C;AV CALLE 24 No 82 58  
204;204;DIAGNOSTIPASE COUNTRY;Atlántico;CR 59 NO 77 - 61;CENTRO ACTIVO;Atlántico;CR 59 NO 77 - 61
205;205;DIAGNOSTIPASE CR 70;Atlántico;CR 43 NO 70 - 162;CENTRO ACTIVO;Atlántico;CR 43 NO 70 - 162
206;206;EVALUACION MEDICA PARA CONDUCTORES - EMC IPS SAS;Bogotá D.C;cra 13 n 38-65 local 101;CENTRO ACTIVO;Bogotá D.C;cra 13 n 38-65 local 101
207;207;EVALUACION Y TECNOLOGIA LTDA;Norte de Santander;CENTRO COMERCIAL BOLIVAR LC E-10;CENTRO ACTIVO;Norte de Santander;CENTRO COMERCIAL BOLIVAR LC E-10
208;208;EVALUACIONES MEDICAS SAS;Santander;CALLE 16 N° 15-25;CENTRO ACTIVO;Santander;CALLE 16 N° 15-25
209;209;EVALUAMOS CONDUCTORES IPS SAS;Valle del Cauca;CALLE 57 N° 2D-20 PISO 2 Y 3;CENTRO ACTIVO;Valle del Cauca;CALLE 57 N° 2D-20 PISO 2 Y 3
210;210;EVALUANDO ARAUCA;Arauca;CARRERA 19 No 17-04;CENTRO ACTIVO;Arauca;CARRERA 19 No 17-04
211;211;EVALUANDO ARMENIA;Quindio;CL 26 No 15  39;CENTRO ACTIVO;Quindio;CL 26 No 15  39
212;212;EVALUANDO BUCARAMANGA ;Santander;CRA. 34 No. 52 - 62;CENTRO ACTIVO;Santander;CRA. 34 No. 52 - 62
213;213;EVALUANDO CHAPINERO;Bogotá D.C;CL 64 No 18  24 ;CENTRO ACTIVO;Bogotá D.C;CL 64 No 18  24 
214;214;EVALUANDO CUCUTA;Norte de Santander;CC BOLIVAR LC E21 BARRIO SAN MATEO;CENTRO ACTIVO;Norte de Santander;CC BOLIVAR LC E21 BARRIO SAN MATEO
215;215;EVALUANDO DOSQUEBRADAS;Risaralda;CR 16 No. 32  18;CENTRO ACTIVO;Risaralda;CR 16 No. 32  18
216;216;EVALUANDO FLORIDABLANCA;Santander;CRA 8 No. 9 - 06 PISO 3 BARRIO CENTRO;CENTRO ACTIVO;Santander;CRA 8 No. 9 - 06 PISO 3 BARRIO CENTRO
217;217;EVALUANDO GIRARDOT;Cundinamarca;CR 12 No 17 29 LC 2 CC EL PARQUE;CENTRO ACTIVO;Cundinamarca;CR 12 No 17 29 LC 2 CC EL PARQUE
218;218;EVALUANDO GIRON;Santander;CL 30 No. 26 - 24;CENTRO ACTIVO;Santander;CL 30 No. 26 - 24
219;219;EVALUANDO MANIZALES;Caldas;CL 22 No 18  29 PISO 2;CENTRO ACTIVO;Caldas;CL 22 No 18  29 PISO 2
220;220;EVALUANDO OCAÑA;Norte de Santander;CL 10 No. 11 - 75;CENTRO ACTIVO;Norte de Santander;CL 10 No. 11 - 75
221;221;EVALUANDO PAMPLONA;Norte de Santander;CL 8 No 5  49;CENTRO ACTIVO;Norte de Santander;CL 8 No 5  49
222;222;EVALUANDO PATIOS;Norte de Santander;AV 10 30-72 LOS PATIOS;CENTRO ACTIVO;Norte de Santander;AV 10 30-72 LOS PATIOS
223;223;EVALUANDO PEREIRA;Risaralda;CR 8 BIS No 35 30;CENTRO ACTIVO;Risaralda;CR 8 BIS No 35 30
224;224;EVALUANDO POPAYAN;Cauca;CL 5 A No. 12 - 62 ;CENTRO ACTIVO;Cauca;CL 5 A No. 12 - 62 
225;225;EVALUANDO SAN GIL ;Santander;CRA. 9 No. 16 - 08 ;CENTRO ACTIVO;Santander;CRA. 9 No. 16 - 08 
226;226;EVALUANDO SOACHA;Cundinamarca;CR 9 No 12 92 LC 1;CENTRO ACTIVO;Cundinamarca;CR 9 No 12 92 LC 1
227;227;EVALUANDO YOPAL;Casanare;CRA 20 No 20 A  30;CENTRO ACTIVO;Casanare;CRA 20 No 20 A  30
228;228;Examenes Centro de Reconocimiento de Conductores S.A.S;Antioquia;CRA  50a  N°50a - 63;CENTRO ACTIVO;Antioquia;CRA  50a  N°50a - 63
229;229;EXÁMENES MÉDICOS PARA CONDUCTORES PILOTOS 1 S.A.S;Antioquia;CARRERA 50 No. 133 SUR-71;CENTRO ACTIVO;Antioquia;CARRERA 50 No. 133 SUR-71
230;230;EXAMENES MEDICOS PARA CONDUCTORES PILOTOS S.A.S;Antioquia;AV 42A  DIAG 50 -65 P2;CENTRO ACTIVO;Antioquia;AV 42A  DIAG 50 -65 P2
231;231;EXAMENES PARA CONDUCTORES S.A.S.;Antioquia;CARRERA 18 N 11 12 INT 301;CENTRO ACTIVO;Antioquia;CARRERA 18 N 11 12 INT 301
232;232;FISIOS CENTRO DE TERAPIA S.A.S;Bogotá D.C;Av  Carrera 45 No 106-25;CENTRO ACTIVO;Bogotá D.C;Av  Carrera 45 No 106-25
233;233;GANAR SALUD IPS LTDA;Caldas;CL 16 No. 3 - 09 Piso 2;CENTRO ACTIVO;Caldas;CL 16 No. 3 - 09 Piso 2
234;234;GRUPO MEDICAS SEDE 1;Bogotá D.C;CL 68 No 23  48;CENTRO ACTIVO;Bogotá D.C;CL 68 No 23  48
235;235;GRUPO MEDICAS SEDE 2;Bogotá D.C;AUTO NORTE No. 232 - 35 LOCAL 1032;CENTRO ACTIVO;Bogotá D.C;AUTO NORTE No. 232 - 35 LOCAL 1032
236;236;GRUPO MÉDICO DE ANTIOQUIA SAS;Antioquia;CARRERA 48 # 11 B SUR 34;CENTRO ACTIVO;Antioquia;CARRERA 48 # 11 B SUR 34
237;237;GRUPOMEDICAS SAS SEDE 3  CHIQUINQUIRA;Boyacá;CALLE 9 A  No.9  - 46;CENTRO ACTIVO;Boyacá;CALLE 9 A  No.9  - 46
238;238;HABLENAUD;Bogotá D.C;CALLE 8 SUR No 40-94;CENTRO ACTIVO;Bogotá D.C;CALLE 8 SUR No 40-94
239;239;INPROSALUD 02;Huila;CL 4 No 3 32;CENTRO ACTIVO;Huila;CL 4 No 3 32
240;240;INPROSALUD OE09;Antioquia;CLL 107 N  100 - 50;CENTRO ACTIVO;Antioquia;CLL 107 N  100 - 50
241;241;Inprosalud OE20;Antioquia;CL 79B SUR No 50 130;CENTRO ACTIVO;Antioquia;CL 79B SUR No 50 130
242;242;INSTITUTO DE RECONOCIMIENTO DE PERSONAS IRP ALAMOS;Bogotá D.C;DG 63F 88A 29 LC 110;CENTRO ACTIVO;Bogotá D.C;DG 63F 88A 29 LC 110
243;243;INSTITUTO DE RECONOCIMIENTO DE PERSONAS IRP BAHIA;Bogotá D.C;AVENIDA SUBA # 124-20 LC 2 Y 8;CENTRO ACTIVO;Bogotá D.C;AVENIDA SUBA # 124-20 LC 2 Y 8
244;244;INSTITUTO DE RECONOCIMIENTO DE PERSONAS IRP CHAPINERO;Bogotá D.C;CALLE 59 # 13-62;CENTRO ACTIVO;Bogotá D.C;CALLE 59 # 13-62
245;245;INSTITUTO DE RECONOCIMIENTO DE PERSONAS IRP GALERIAS;Bogotá D.C;CALLE 52 # 25-44;CENTRO ACTIVO;Bogotá D.C;CALLE 52 # 25-44
246;246;INSTITUTO DE RECONOCIMIENTO DE PERSONAS IRP RESTREPO;Bogotá D.C;CARRERA 17 # 19A-40 SUR;CENTRO ACTIVO;Bogotá D.C;CARRERA 17 # 19A-40 SUR
247;247;INSTITUTO DE RECONOCIMIENTO DE PERSONAS IRP SEVILLANA;Bogotá D.C;AVENIDA BOYACA # 50-77 SUR;CENTRO ACTIVO;Bogotá D.C;AVENIDA BOYACA # 50-77 SUR
248;248;INSTITUTO TECNOLOGICO DE TRANSPORTE Y TRANSITO LIMITADA;Risaralda;CRA.8 NO.38-32 CENTRO;CENTRO ACTIVO;Risaralda;CRA.8 NO.38-32 CENTRO
249;249;INTRAS CALI;Valle del Cauca;Carrera 100 # 15 A - 61 Local 216;CENTRO ACTIVO;Valle del Cauca;Carrera 100 # 15 A - 61 Local 216
250;250;INVERSIONES BARAK SAS;Huila;CARRERA 4 No 4-56;CENTRO ACTIVO;Huila;CARRERA 4 No 4-56
251;251;INVERSIONES CONDU TEST SA;Antioquia;CL50 NRO 43-24 P01;CENTRO ACTIVO;Antioquia;CL50 NRO 43-24 P01
252;252;INVERSIONES EN SEGURIDAD Y SALUD;Antioquia;CL 38 A SUR NRO. 41 71 IN 203;CENTRO ACTIVO;Antioquia;CL 38 A SUR NRO. 41 71 IN 203
253;253;INVERTRESS # 2;Antioquia;Calle 85 N 48-1 BLOQUE 31 OFICINA 177;CENTRO ACTIVO;Antioquia;Calle 85 N 48-1 BLOQUE 31 OFICINA 177
254;254;INVERTRESS S.A;Antioquia;Carrera 56 A N° 54 A 20;CENTRO ACTIVO;Antioquia;Carrera 56 A N° 54 A 20
255;255;INVICTA;Atlántico;CALLE 25 NO 18-35;CENTRO ACTIVO;Atlántico;CALLE 25 NO 18-35
256;256;IPS A PRUEBA AGUACHICA E.U;Cesar;calle 3 15-71;CENTRO ACTIVO;Cesar;calle 3 15-71
257;257;IPS CENTRO DE RECONOCIMIENTO DE CONDUCTORES  NORTE DEL CAUCA LTDA;Cauca;CALLE 5 No. 10 - 56 PRIMER PISO;CENTRO ACTIVO;Cauca;CALLE 5 No. 10 - 56 PRIMER PISO
258;258;IPS CENTRO DE RECONOCIMIENTO DE CONDUCTORES CONDUSALUD SAS;Atlántico;CR 38 No 74 - 244 L1;CENTRO ACTIVO;Atlántico;CR 38 No 74 - 244 L1
259;259;IPS Centro de reconocimiento del Andino Colombiano LTDA;La Guajira;CALLE 21 # 13-18;CENTRO ACTIVO;La Guajira;CALLE 21 # 13-18
260;260;IPS CENTRO INTEGRADO DE ENVIGADO S.A.S -CRC ABURRA SUR;Antioquia;CRA 48 N. 49SUR-45;CENTRO ACTIVO;Antioquia;CRA 48 N. 49SUR-45
261;261;IPS CERTIFICATE BOGOTA LTDA;Bogotá D.C;DIAGONAL 63 F N 88 12;CENTRO ACTIVO;Bogotá D.C;DIAGONAL 63 F N 88 12
262;262;IPS CRC EXAMINANDO SAS;Meta;CALLE 36 No.20-15 Barrio Jordan;CENTRO ACTIVO;Meta;CALLE 36 No.20-15 Barrio Jordan
263;263;IPS PROFESIONALES EN SALUD SAS;Bogotá D.C;CARRERA 25 # 51-37;CENTRO ACTIVO;Bogotá D.C;CARRERA 25 # 51-37
264;264;IPS SALUD INTEGRAL LA SEVILLANA SAS;Bogotá D.C;TV 60 No. 51 A SUR 36;CENTRO ACTIVO;Bogotá D.C;TV 60 No. 51 A SUR 36
265;265;IPS SALUD INTEGRAL SABANA SAS;Bogotá D.C;CAR 19 # 12-51 LOCAL 2 -162;CENTRO ACTIVO;Bogotá D.C;CAR 19 # 12-51 LOCAL 2 -162
266;266;IPS TRANSALUD BARBOSA S.A.S;Antioquia;CLL 15 n 15-39 OF 201;CENTRO ACTIVO;Antioquia;CLL 15 n 15-39 OF 201
267;267;KEYSTONE PASADENA S.A.S;Bogotá D.C;CALLE 22C Nº 68F - 89 LC 3230;CENTRO ACTIVO;Bogotá D.C;CALLE 22C Nº 68F - 89 LC 3230
268;268;MAIFESALUD LIMITADA;Boyacá;CL 18 No 20 - 30;CENTRO ACTIVO;Boyacá;CL 18 No 20 - 30
269;269;MAXITEST IPS SAS;Caquetá;Carrera 10 NO. 5A-06 LAS AVENIDAS;CENTRO ACTIVO;Caquetá;Carrera 10 NO. 5A-06 LAS AVENIDAS
270;270;MEDI CAR IPS S.A.S;Bogotá D.C;Bogotá - Calle 25 sur No. 69-43;CENTRO ACTIVO;Bogotá D.C;Bogotá - Calle 25 sur No. 69-43
271;271;MEDIC TEST;Antioquia;CALLE 34 N°65-110;CENTRO ACTIVO;Antioquia;CALLE 34 N°65-110
272;272;MEDICAL VIAL SAS ;Cundinamarca;CR 7 16 63 PISO 2;CENTRO ACTIVO;Cundinamarca;CR 7 16 63 PISO 2
273;273;MEDICINA VIAL SAS;Bogotá D.C;AC 68 23 63;CENTRO ACTIVO;Bogotá D.C;AC 68 23 63
274;274;MEDICOLOMBIA S.A.S ;Antioquia;CRA 64B # 74-21 2DO PISO;CENTRO ACTIVO;Antioquia;CRA 64B # 74-21 2DO PISO
275;275;MEDICOS DEL TRANSPORTE S.A.S;Valle del Cauca;CARRERA 3 NO. 57-77 PISO 2;CENTRO ACTIVO;Valle del Cauca;CARRERA 3 NO. 57-77 PISO 2
276;276;MEDIFUSACAR SAS;Cundinamarca;cll 3 bis# 26c-26 san jorge;CENTRO ACTIVO;Cundinamarca;cll 3 bis# 26c-26 san jorge
277;277;MEDILLANOS CERTIFICACIONES IPS SAS;Meta;Calle 7 N 47 B 42   2 Piso;CENTRO ACTIVO;Meta;Calle 7 N 47 B 42   2 Piso
278;278;MEDIMETRIA ESPECIALIZADA;Bogotá D.C;CL   68   NO.   23   17;CENTRO ACTIVO;Bogotá D.C;CL   68   NO.   23   17
279;279;MEDIMETRIA ESPECIALIZADA PEREIRA S.A.S;Risaralda;CL 38 # 7B - 24;CENTRO ACTIVO;Risaralda;CL 38 # 7B - 24
280;280;MEDIPRUEBAS BAHIA  IPS SAS;Bogotá D.C;TRANSVERSAL 60  124-20 OF  214;CENTRO ACTIVO;Bogotá D.C;TRANSVERSAL 60  124-20 OF  214
281;281;MOVISALUD1 IPS SAS;Bogotá D.C;DG 63 F NO. 88 32 LOCAL 2;CENTRO ACTIVO;Bogotá D.C;DG 63 F NO. 88 32 LOCAL 2
282;282;OCP DEL CESAR IPS;Cesar;CARRERA 17 # 11 – 74;CENTRO ACTIVO;Cesar;CARRERA 17 # 11 – 74
283;283;OCP2;Risaralda;CALLE 12 N 13-39;CENTRO ACTIVO;Risaralda;CALLE 12 N 13-39
284;284;OCUPASALUD S.A.S;Santander;AVENIDA QUEBRADA SECA 32- 89 ;CENTRO ACTIVO;Santander;AVENIDA QUEBRADA SECA 32- 89 
285;285;ORGANISMO CERTIFICACION DE PERSONAS VALLE DEL CAUCA IPS SAS;Valle del Cauca;CALLE 10 NUMERO 31-93 PISO 2;CENTRO ACTIVO;Valle del Cauca;CALLE 10 NUMERO 31-93 PISO 2
286;286;ORGANISMO CERTIFICADOR DE LA CALERA SAS;Cundinamarca;CALLE 10A Nº 2B - 31 ;CENTRO ACTIVO;Cundinamarca;CALLE 10A Nº 2B - 31 
287;287;ORGANISMO CERTIFICADOR DE PERSONAS  OCP-1;Risaralda;CARRERA 9 N 8-40 ;CENTRO ACTIVO;Risaralda;CARRERA 9 N 8-40 
288;288;ORGANISMO DE CERTIFICACION DE PERSONAS EVALUEMOS IPS SAS;Caldas;CARRERA 5 # 6-15 ;CENTRO ACTIVO;Caldas;CARRERA 5 # 6-15 
289;289;ORGANISMO DE CERTIFICACION DE PERSONAS S.A.S;Atlántico;CALLE 38 N° 5 - 82;CENTRO ACTIVO;Atlántico;CALLE 38 N° 5 - 82
290;290;ORGANISMO DE CERTIFICACION DE PERSONAS SOLEDAD SAS;Atlántico;CLLE 17A # 25 - 04;CENTRO ACTIVO;Atlántico;CLLE 17A # 25 - 04
291;291;PILOTOS CENTRO DE RECONOCIMIENTO DE CONDUCTORES S.A.S;Huila;Carrera 1B No. 8 A 20 Piso 2;CENTRO ACTIVO;Huila;Carrera 1B No. 8 A 20 Piso 2
292;292;PREVITEST  AV QUITO;Bogotá D.C;AV CIUDAD DE QUITO # 67-48;CENTRO ACTIVO;Bogotá D.C;AV CIUDAD DE QUITO # 67-48
293;293;PREVITEST CALLE 19;Bogotá D.C;AV CALLE 19 # 36 - 28;CENTRO ACTIVO;Bogotá D.C;AV CALLE 19 # 36 - 28
294;294;PREVITEST UNICENTRO;Bogotá D.C;PREVITEST S.A IPS;CENTRO ACTIVO;Bogotá D.C;PREVITEST S.A IPS
295;295;PROCEDIMIENTOS TECNOLOGICOS BASICOS EN SALUD LTDA  CRC 260 CARTAGENA;Bolívar;Marbella, Av Santander # 46b -06 local 7 ED. Mar del Norte;CENTRO ACTIVO;Bolívar;Marbella, Av Santander # 46b -06 local 7 ED. Mar del Norte
296;296;PROTEGER IPS PROFESIONALES EN SALUD OCUPACIONAL Y CALIDAD ;Meta;CALLE 20 N° 39 - 54 BARRIO CAMOA;CENTRO ACTIVO;Meta;CALLE 20 N° 39 - 54 BARRIO CAMOA
297;297;QUINTERO QUIROGA ASOCIADOS S.A.S.;Santander;CALLE 11 # 5 - 21 PISO 2;CENTRO ACTIVO;Santander;CALLE 11 # 5 - 21 PISO 2
298;298;SALUD CERTIFICADA IPS;Cesar;CARRERA 11 A # 12 – 43;CENTRO ACTIVO;Cesar;CARRERA 11 A # 12 – 43
299;299;SALUD VIAL S.A.;Santander;CLL 58 30 85 ;CENTRO ACTIVO;Santander;CLL 58 30 85 
300;300;SALUD Y  TRAMITES S.A.S.;Antioquia;CARRERA 6 No. 1-40;CENTRO ACTIVO;Antioquia;CARRERA 6 No. 1-40
301;301;SER CONDUCTOR CALI;Valle del Cauca;kra n94A No 42-12 Piso 2 Barrio Calicanto;CENTRO ACTIVO;Valle del Cauca;kra n94A No 42-12 Piso 2 Barrio Calicanto
302;302;SER CONDUCTOR CALLE 53;Cundinamarca;kilómetro 1.5 Vía Bogotá, Mosquera Urbanización Industrial San Carlos 1 Local 2. ;CENTRO ACTIVO;Cundinamarca;kilómetro 1.5 Vía Bogotá, Mosquera Urbanización Industrial San Carlos 1 Local 2. 
303;303;SER CONDUCTOR CARTAGENA;Bolívar;PROVIDENCIA Carrera 71 No. 54 - 315 OF 201;CENTRO ACTIVO;Bolívar;PROVIDENCIA Carrera 71 No. 54 - 315 OF 201
304;304;SER CONDUCTOR CARVAJAL ;Bogotá D.C;CRA 69 B #  31 SUR  - 18 PISO 2;CENTRO ACTIVO;Bogotá D.C;CRA 69 B #  31 SUR  - 18 PISO 2
305;305;SER CONDUCTOR CAUCASIA;Antioquia;CR 7 No. 19 - 09 PISO 2;CENTRO ACTIVO;Antioquia;CR 7 No. 19 - 09 PISO 2
306;306;SER CONDUCTOR GALERIAS LTDA;Bogotá D.C;CL 64 G No 90 A  31 P2;CENTRO ACTIVO;Bogotá D.C;CL 64 G No 90 A  31 P2
307;307;SER CONDUCTOR GARZON;Huila;CR 8 No. 7 - 11 OFI 2007;CENTRO ACTIVO;Huila;CR 8 No. 7 - 11 OFI 2007
308;308;SER CONDUCTOR GRANADA;Meta;CL 15 No 14  63;CENTRO ACTIVO;Meta;CL 15 No 14  63
309;309;SER CONDUCTOR IBAGUE;Tolima;CR 5 CL 60 CAM NORTE BARRIO LA FLORIDA;CENTRO ACTIVO;Tolima;CR 5 CL 60 CAM NORTE BARRIO LA FLORIDA
310;310;SER CONDUCTOR MOCOA;Putumayo;CL 8 No 04 - 02 PISO 3;CENTRO ACTIVO;Putumayo;CL 8 No 04 - 02 PISO 3
311;311;SER CONDUCTOR MONTERIA;Córdoba;Crr 7 # 58-30;CENTRO ACTIVO;Córdoba;Crr 7 # 58-30
312;312;SER CONDUCTOR SANTA MARTA;Magdalena;CR 3 No. 15-34;CENTRO ACTIVO;Magdalena;CR 3 No. 15-34
313;313;SER CONDUCTOR UBATE;Cundinamarca;CR 6 No. 6 - 38;CENTRO ACTIVO;Cundinamarca;CR 6 No. 6 - 38
314;314;SER CONDUCTOR YOPAL;Casanare;CL 15 No. 14-27 BARRIO COROCORA;CENTRO ACTIVO;Casanare;CL 15 No. 14-27 BARRIO COROCORA
315;315;SERVISALUD I.P.S BUCARAMANGA;Santander;Carrera 33 No. 48 - 66;CENTRO ACTIVO;Santander;Carrera 33 No. 48 - 66
316;316;SERVISALUD I.P.S GIRON;Santander;Carrera 26 # 31 – 53 ;CENTRO ACTIVO;Santander;Carrera 26 # 31 – 53 
317;317;SERVISALUD IPS S.A.S. FLORIDABLANCA;Santander;Carrera 8 # 9 – 02 ;CENTRO ACTIVO;Santander;Carrera 8 # 9 – 02 
318;318;SIMETRIC ALAMOS;Bogotá D.C;CL 64 G No 90A 95;CENTRO ACTIVO;Bogotá D.C;CL 64 G No 90A 95
319;319;SIMETRIC ARMENIA;Antioquia;CR 19  24 15;CENTRO ACTIVO;Antioquia;CR 19  24 15
320;320;SIMETRIC AV PRIMERA DE MAYO;Bogotá D.C;CL 26 No 70B 24 P3;CENTRO ACTIVO;Bogotá D.C;CL 26 No 70B 24 P3
321;321;SIMETRIC BARRANQUILLA;Atlántico;CR 47 No 84 27 LC 12 Y 13 ;CENTRO ACTIVO;Atlántico;CR 47 No 84 27 LC 12 Y 13 
322;322;SIMETRIC BUCARAMANGA;Santander;CR 33 No 52 40;CENTRO ACTIVO;Santander;CR 33 No 52 40
323;323;SIMETRIC CALI CANDELARIA;Valle del Cauca;CL 70 No 7 T BIS 67 LC 205 Y 206 ;CENTRO ACTIVO;Valle del Cauca;CL 70 No 7 T BIS 67 LC 205 Y 206 
324;324;SIMETRIC CALI NORTE;Valle del Cauca;AV 4 NORTE No 64 N  44 LC 9;CENTRO ACTIVO;Valle del Cauca;AV 4 NORTE No 64 N  44 LC 9
325;325;SIMETRIC CAN INDUMIL;Bogotá D.C;CR 57 No 44 B 21;CENTRO ACTIVO;Bogotá D.C;CR 57 No 44 B 21
326;326;SIMETRIC CARTAGENA;Bolívar;AV DEL ARSENAL No 10 49 P 2;CENTRO ACTIVO;Bolívar;AV DEL ARSENAL No 10 49 P 2
327;327;SIMETRIC CEDRITOS;Bogotá D.C;CL 147 No 19 50 LC 27;CENTRO ACTIVO;Bogotá D.C;CL 147 No 19 50 LC 27
328;328;SIMETRIC CHIA;Bogotá D.C;AV PRADILLA No 8 44;CENTRO ACTIVO;Bogotá D.C;AV PRADILLA No 8 44
329;329;SIMETRIC CUCUTA;Norte de Santander;AV 3 No  19 26 P 2 BARRIO SAN LUIS;CENTRO ACTIVO;Norte de Santander;AV 3 No  19 26 P 2 BARRIO SAN LUIS
330;330;SIMETRIC DOS QUEBRADAS;Risaralda;CR 16 No  32 56 LC 11 12 13;CENTRO ACTIVO;Risaralda;CR 16 No  32 56 LC 11 12 13
331;331;SIMETRIC IBAGUE;Tolima;CL 60 No  2 A  49 P 2;CENTRO ACTIVO;Tolima;CL 60 No  2 A  49 P 2
332;332;SIMETRIC IPS PASTO;Nariño;CL 18 No 19 55 56;CENTRO ACTIVO;Nariño;CL 18 No 19 55 56
333;333;SIMETRIC JAMUNDI;Valle del Cauca;CL 2 No 22 175 OF 206;CENTRO ACTIVO;Valle del Cauca;CL 2 No 22 175 OF 206
334;334;SIMETRIC LA UNION;Valle del Cauca;CR 14 No 15 48;CENTRO ACTIVO;Valle del Cauca;CR 14 No 15 48
335;335;SIMETRIC MANIZALEZ;Caldas;CL 23 No  21 41;CENTRO ACTIVO;Caldas;CL 23 No  21 41
336;336;SIMETRIC MEDELLIN;Antioquia;CL 56 No 56 71 P2;CENTRO ACTIVO;Antioquia;CL 56 No 56 71 P2
337;337;SIMETRIC MONTERIA;Córdoba;CL 59 No 6 59 B LA CASTELLANA;CENTRO ACTIVO;Córdoba;CL 59 No 6 59 B LA CASTELLANA
338;338;SIMETRIC NEIVA;Huila;CR 2 No  8 05 CC LOS COMUNEROS;CENTRO ACTIVO;Huila;CR 2 No  8 05 CC LOS COMUNEROS
339;339;SIMETRIC NORTE;Bogotá D.C;AV 19 No 122 33 LC 1 P2 ;CENTRO ACTIVO;Bogotá D.C;AV 19 No 122 33 LC 1 P2 
340;340;SIMETRIC PEREIRA;Risaralda;CL 40 No 11 19;CENTRO ACTIVO;Risaralda;CL 40 No 11 19
341;341;SIMETRIC POPAYAN;Cauca;CL 11 No 8 31;CENTRO ACTIVO;Cauca;CL 11 No 8 31
342;342;SIMETRIC RESTREPO GPS CONSULTORES;Bogotá D.C;Calle 21 Sur # 16 73 Piso 2 ;CENTRO ACTIVO;Bogotá D.C;Calle 21 Sur # 16 73 Piso 2 
343;343;SIMETRIC SABANETA;Antioquia;CR 45 No 72 SUR 140 P2;CENTRO ACTIVO;Antioquia;CR 45 No 72 SUR 140 P2
344;344;SIMETRIC SANTA MARTHA;Magdalena;CL 23 No  4 27 LC 226;CENTRO ACTIVO;Magdalena;CL 23 No  4 27 LC 226
345;345;SIMETRIC SOGAMOSO;Boyacá;CR 8 No 7 08 AV EL SOL ESQUINA;CENTRO ACTIVO;Boyacá;CR 8 No 7 08 AV EL SOL ESQUINA
346;346;SIMETRIC SUBA;Bogotá D.C;Transversal 60 # 122 71 ;CENTRO ACTIVO;Bogotá D.C;Transversal 60 # 122 71 
347;347;SIMETRIC TEQUENDAMA GPS CONSULTORES;Bogotá D.C;Carrera 10 # 27 51 Oficinas 311 312 ;CENTRO ACTIVO;Bogotá D.C;Carrera 10 # 27 51 Oficinas 311 312 
348;348;SIMETRIC TUNJA;Boyacá;CR 6 No 36   25 LC 116;CENTRO ACTIVO;Boyacá;CR 6 No 36   25 LC 116
349;349;SIMETRIC VALLEDUPAR;Cesar;CL 15 No 9 30;CENTRO ACTIVO;Cesar;CL 15 No 9 30
350;350;SIMETRIC VILLAVICENCIO;Meta;CL 37 A No 19 B 41 OFI  301 JORDAN;CENTRO ACTIVO;Meta;CL 37 A No 19 B 41 OFI  301 JORDAN
351;351;SOLUCIONES DEL CARIBE SAS ;Cesar;CRA 9 N 13 B 36 LOCAL 2;CENTRO ACTIVO;Cesar;CRA 9 N 13 B 36 LOCAL 2
352;352;somem del oriente;Meta;CALLE 37 A N° 20-10 2 PISO;CENTRO ACTIVO;Meta;CALLE 37 A N° 20-10 2 PISO
353;353;SU PASE IPS LTDA 7 DE AGOSTO;Bogotá D.C;CL 68 No 23  11;CENTRO ACTIVO;Bogotá D.C;CL 68 No 23  11
354;354;SU PASE IPS LTDA CARVAJAL;Bogotá D.C;CR 69 B No 24 A  08 SUR;CENTRO ACTIVO;Bogotá D.C;CR 69 B No 24 A  08 SUR
355;355;SU PASE IPS LTDA NIZA;Bogotá D.C;Av. Suba 124-20 ;CENTRO ACTIVO;Bogotá D.C;Av. Suba 124-20 
356;356;SU PASE IPS LTDA SEVILLANA;Bogotá D.C;AV CL 26 SUR 69A 45;CENTRO ACTIVO;Bogotá D.C;AV CL 26 SUR 69A 45
357;357;TEST AL VOLANTE;Quindio;CALLE 26 N 17-35;CENTRO ACTIVO;Quindio;CALLE 26 N 17-35
358;358;TESTEC S.A;Antioquia;CARRERA 65 A No. 48 D - 30;CENTRO ACTIVO;Antioquia;CARRERA 65 A No. 48 D - 30
359;359;Torre SOC;Bogotá D.C;Av 26;CENTRO ACTIVO;Bogotá D.C;Av 26
360;360;TRANSMEDIC SAS - BOGOTA;Bogotá D.C;CLL 52 N° 25-80 BARRIO GALERIAS (BOGOTA);CENTRO ACTIVO;Bogotá D.C;CLL 52 N° 25-80 BARRIO GALERIAS (BOGOTA)
361;361;TRANSMEDIC SAS - SOACHA;Cundinamarca;CRA 7 N° 15-11  SOACHA CENTRO;CENTRO ACTIVO;Cundinamarca;CRA 7 N° 15-11  SOACHA CENTRO
362;362;TU MEDICO;Cundinamarca;DG 3 No 3 201;CENTRO ACTIVO;Cundinamarca;DG 3 No 3 201
363;363;UNICO CENTRO DE RECONOCIMIENTO DE CONDUCTORES S.A.S;Bogotá D.C;CALLE 19 A  sur 16-43;CENTRO ACTIVO;Bogotá D.C;CALLE 19 A  sur 16-43
364;364;VALORAMOS S.A.S;Nariño;AVENIDA DE LOS ESTUDIANTES CASA No. 495;CENTRO ACTIVO;Nariño;AVENIDA DE LOS ESTUDIANTES CASA No. 495
365;365;VALORAMOS SAS;Bogotá D.C;KRA 70  No 54-27;CENTRO ACTIVO;Bogotá D.C;KRA 70  No 54-27
366;366;VALORAR S.A.S;Nariño;CARRERA 19 B NUMERO 18-40 BARRIO EL PRADO CENTRO;CENTRO ACTIVO;Nariño;CARRERA 19 B NUMERO 18-40 BARRIO EL PRADO CENTRO
367;367;VIALSALUD CRC;Meta;KRA 20 N° 36 A 40 JORDAN PARAISO;CENTRO ACTIVO;Meta;KRA 20 N° 36 A 40 JORDAN PARAISO
