1;1;A-PRUEBA ACACIAS (Ver Más..);ACACIAS;CALLE 15 # 21 - 04 COOPERATIVO;CENTRO ACTIVO;ACACIAS;CALLE 15 # 21 - 04 COOPERATIVO
2;2;CRC 30 ACACIAS (Ver Más..);ACACIAS;CALLE 15N 16 68 CENTRO;CENTRO ACTIVO;ACACIAS;CALLE 15N 16 68 CENTRO
3;3;IPS A PRUEBA AGUACHICA EU (Ver Más..);AGUACHICA CESAR;CALLE 3 15 71;CENTRO ACTIVO;AGUACHICA CESAR;CALLE 3 15 71
4;4;CENTRO DE RECONOCIMIENTO DE CONDUCTORES EXAMINAR LTDA (Ver Más..);AGUAZUL;CALLE 9 #19 18;CENTRO ACTIVO;AGUAZUL;CALLE 9 #19 18
5;5;CERTICONDUCCION SAS (Ver Más..);ANSERMA;CARRERA 5 10 31;CENTRO ACTIVO;ANSERMA;CARRERA 5 10 31
6;6;CAFIMCO URABA EU (Ver Más..);APARTADO;CALLE 100 105 33 PISO 2;CENTRO ACTIVO;APARTADO;CALLE 100 105 33 PISO 2
7;7;INPROSALUD OE09 - APARTADO (Ver Más..);APARTADO;CALLE 107 # 100 - 50;CENTRO ACTIVO;APARTADO;CALLE 107 # 100 - 50
8;8;EVALUANDO ARAUCA (Ver Más..);ARAUCA;CARRERA 19 # 17 - 04;CENTRO ACTIVO;ARAUCA;CARRERA 19 # 17 - 04
9;9;CENTRO DE RECONOCIMIENTO DE CONDUCTORES DE ARMENIA CRC PARQUE CAFETERO LIMITADA - CONDUSEG - CRC 090 ARMENIA (Ver Más..);ARMENIA;CALLE 26 15 34 L 7 - 8;CENTRO ACTIVO;ARMENIA;CALLE 26 15 34 L 7 - 8
10;10;CRC TRANSITAR SAS (Ver Más..);ARMENIA;CALLE 2 NORTE 18 47;CENTRO ACTIVO;ARMENIA;CALLE 2 NORTE 18 47
11;11;EVALUANDO ARMENIA (Ver Más..);ARMENIA;CALLE 26 # 15 - 39;CENTRO ACTIVO;ARMENIA;CALLE 26 # 15 - 39
12;12;SIMETRIC ARMENIA (Ver Más..);ARMENIA;CARRERA 19 # 24-15;CENTRO ACTIVO;ARMENIA;CARRERA 19 # 24-15
13;13;TEST DE SERVICIOS ESPECIALIZADOS SAS (Ver Más..);ARMENIA;CALLE 26 17 35;CENTRO ACTIVO;ARMENIA;CALLE 26 17 35
14;14;QUINTERO QUIROGA ASOCIADOS SAS (Ver Más..);BARBOSA;CALLE 11 5 21 PISO 2;CENTRO ACTIVO;BARBOSA;CALLE 11 5 21 PISO 2
15;15;CENTRO DE RECONOCIMIENTO DE CONDUCTORES EL PORTEÑO (Ver Más..);BARRANCABERMEJA;CALLE 49 3 07;CENTRO ACTIVO;BARRANCABERMEJA;CALLE 49 3 07
16;16;CENTRO DE RECONOCIMIENTO DE CONDUCTORES FAMILIAS (Ver Más..);BARRANCABERMEJA;CARRERA 11 49 46;CENTRO ACTIVO;BARRANCABERMEJA;CARRERA 11 49 46
17;17;EVALUANDO BARRANCABERMEJA (Ver Más..);BARRANCABERMEJA;CARRERA 25 # 47 11 BARRIO RECARRERO;CENTRO ACTIVO;BARRANCABERMEJA;CARRERA 25 # 47 11 BARRIO RECARRERO
18;18;A-PRUEBA BARRANQUILLA (Ver Más..);BARRANQUILLA;CARRERA 46 # 39 - 02;CENTRO ACTIVO;BARRANQUILLA;CARRERA 46 # 39 - 02
19;19;ACC DE LA COSTA (Ver Más..);BARRANQUILLA;CARRERA 46 # 48-91 LOCAL 2;CENTRO ACTIVO;BARRANQUILLA;CARRERA 46 # 48-91 LOCAL 2
20;20;CENTRO DE RECONOCIMIENTO DEL LITORAL IPS LTDA (Ver Más..);BARRANQUILLA;CARRERA 15 29 91;CENTRO ACTIVO;BARRANQUILLA;CARRERA 15 29 91
21;21;CERTICARIBE LTDA (Ver Más..);BARRANQUILLA;CR 59 72 47;CENTRO ACTIVO;BARRANQUILLA;CR 59 72 47
22;22;CERTIFICAR DE COLOMBIA SAS (Ver Más..);BARRANQUILLA;CALLE 38 # 45 - 82;CENTRO ACTIVO;BARRANQUILLA;CALLE 38 # 45 - 82
23;23;DIAGNOSTIPASE CARRERA 70 (Ver Más..);BARRANQUILLA;CARRERA 43 # 70-162;CENTRO ACTIVO;BARRANQUILLA;CARRERA 43 # 70-162
24;24;DIAGNOSTIPASE COUNTRY (Ver Más..);BARRANQUILLA;CARRERA 59B # 77-11;CENTRO ACTIVO;BARRANQUILLA;CARRERA 59B # 77-11
25;25;IPS CENTRO DE RECONOCIMIENTO DE CONDUCTORES CONDUSALUD SAS (Ver Más..);BARRANQUILLA;CARRERA 38 74 244 L1;CENTRO ACTIVO;BARRANQUILLA;CARRERA 38 74 244 L1
26;26;A-PRUEBA BELLO (Ver Más..);BELLO;DIAGONAL 50 A # 42 - 95 P-1;CENTRO ACTIVO;BELLO;DIAGONAL 50 A # 42 - 95 P-1
27;27;A-PRUEBA AUTONORTE (Ver Más..);BOGOTA;AUTOPISTA NORTE # 86-65;CENTRO ACTIVO;BOGOTA;AUTOPISTA NORTE # 86-65
28;28;A-PRUEBA BOGOTA ALAMOS (Ver Más..);BOGOTA;DIAGONAL 63 F # 88 - 54 P-2;CENTRO ACTIVO;BOGOTA;DIAGONAL 63 F # 88 - 54 P-2
29;29;A-PRUEBA BOGOTA AV PRIMERO DE MAYO (Ver Más..);BOGOTA;AVENIDA PRIMERO DE MAYO # 69 B - 22;CENTRO ACTIVO;BOGOTA;AVENIDA PRIMERO DE MAYO # 69 B - 22
30;30;A-PRUEBA BOGOTA CEDRITOS (Ver Más..);BOGOTA;CALLE 147 # 19-58 LC 29;CENTRO ACTIVO;BOGOTA;CALLE 147 # 19-58 LC 29
31;31;A-PRUEBA BOGOTA NIZA (Ver Más..);BOGOTA;AVENIDA SUBA # 124-32 LC 32;CENTRO ACTIVO;BOGOTA;AVENIDA SUBA # 124-32 LC 32
32;32;A-PRUEBA BOGOTA TEQUENDAMA (Ver Más..);BOGOTA;CARRERA 10 # 27 - 51 LC 207;CENTRO ACTIVO;BOGOTA;CARRERA 10 # 27 - 51 LC 207
33;33;ACERTAR SOLUCIONES PRIMERO DE MAYO(Ver Más..);BOGOTA;AVENIDA CALLE 26 SUR # 69A - 45;CENTRO ACTIVO;BOGOTA;AVENIDA CALLE 26 SUR # 69A - 45
34;34;ACERTAR SOLUCIONES SEVILLANA (Ver Más..);BOGOTA;TRANSVERSAL 60 # 51 - 25 SUR;CENTRO ACTIVO;BOGOTA;TRANSVERSAL 60 # 51 - 25 SUR
35;35;CENTRO DE EVALUACION MEDICA PORVIDA LTDA (Ver Más..);BOGOTA;AVENIDA CALLE 9 50 15 LOCAL C 1060;CENTRO ACTIVO;BOGOTA;AVENIDA CALLE 9 50 15 LOCAL C 1060
36;36;CENTRO DE RECONOCIMIENTO DE BOGOTA LTDA - CERTIBOGOTA LTDA (Ver Más..);BOGOTA;CALLE 80 No 70f - 65 PISO 2;CENTRO ACTIVO;BOGOTA;CALLE 80 No 70f - 65 PISO 2
37;37;CENTRO DE RECONOCIMIENTO DE CONDUCTORES HA 7 DE AGOSTO (Ver Más..);BOGOTA;CALLE 67 27B 33/35;CENTRO ACTIVO;BOGOTA;CALLE 67 27B 33/35
38;38;CENTRO DE RECONOCIMIENTO DE CONDUCTORES LA PRIMERA (Ver Más..);BOGOTA;CARRERA 69 B 25 SUR 01 AP BG 101;CENTRO ACTIVO;BOGOTA;CARRERA 69 B 25 SUR 01 AP BG 101
39;39;CENTRO DE RECONOCIMIENTO DE CONDUCTORES SOBRE RUEDAS PALOQUEMAO (Ver Más..);BOGOTA;CALLE 18 28A 08 P-2 PALOQUEMAO;CENTRO ACTIVO;BOGOTA;CALLE 18 28A 08 P-2 PALOQUEMAO
40;40;CENTRO DE RECONOCIMIENTO DE CONDUCTORES VALIDAMOS (Ver Más..);BOGOTA;CARRERA 18 19 51 SUR;CENTRO ACTIVO;BOGOTA;CARRERA 18 19 51 SUR
41;41;CENTRO DE RECONOCIMIENTO DEL CONDUCTOR CERTISALUD SAS (Ver Más..);BOGOTA;AVENIDA CALLE 147 19 50 LC 18;CENTRO ACTIVO;BOGOTA;AVENIDA CALLE 147 19 50 LC 18
42;42;CENTRO DE RECONOCIMIENTO DEL VALLE LTDA (Ver Más..);BOGOTA;CALLE 64G 90A 37;CENTRO ACTIVO;BOGOTA;CALLE 64G 90A 37
43;43;CERTICONDUCTORES S.A.S (Ver Más..);BOGOTA;CALLE 146B 90-70 SUBA - DETRÁS ALCALDIA DE SUBA;CENTRO ACTIVO;BOGOTA;CALLE 146B 90-70 SUBA - DETRÁS ALCALDIA DE SUBA
44;44;COMPAÑÍA MEDICA APOLO SAS (Ver Más..);BOGOTA;CARRERA 19 12 51 L 1 - 386;CENTRO ACTIVO;BOGOTA;CARRERA 19 12 51 L 1 - 386
45;45;CRC 10 EL POLO (Ver Más..);BOGOTA;AUTOPISTA NORTE # 82 17;CENTRO ACTIVO;BOGOTA;AUTOPISTA NORTE # 82 17
46;46;CRC ATENTO IPS LTDA (Ver Más..);BOGOTA;TRANSVERSAL 60 124 20 L 6-9;CENTRO ACTIVO;BOGOTA;TRANSVERSAL 60 124 20 L 6-9
47;47;CRC ORG (Ver Más..);BOGOTA;CALLE 45 27A 12;CENTRO ACTIVO;BOGOTA;CALLE 45 27A 12
48;48;CRC SAN DIEGO (Ver Más..);BOGOTA;CARRERA 6 BIS 26 51 OF 201;CENTRO ACTIVO;BOGOTA;CARRERA 6 BIS 26 51 OF 201
49;49;EVALUACION MEDICA PARA CONDUCTORES - EMC IPS SAS (Ver Más..);BOGOTA;CARRERA 13 38 65 LOCAL 101;CENTRO ACTIVO;BOGOTA;CARRERA 13 38 65 LOCAL 101
50;50;EVALUANDO CHAPINERO (Ver Más..);BOGOTA;CALLE 64 # 18 - 24 PISO 2;CENTRO ACTIVO;BOGOTA;CALLE 64 # 18 - 24 PISO 2
51;51;FISIOS CENTRO DE TERAPIA SAS (Ver Más..);BOGOTA;AVENIDA CARRERA 45 106 25 EL ESTORIL;CENTRO ACTIVO;BOGOTA;AVENIDA CARRERA 45 106 25 EL ESTORIL
52;52;GRUPO MEDICAS SEDE 1 (Ver Más..);BOGOTA;CALLE 68 # 23 - 48;CENTRO ACTIVO;BOGOTA;CALLE 68 # 23 - 48
53;53;GRUPO MEDICAS SEDE 2 (Ver Más..);BOGOTA;AUTOPISTA NORTE # 232 - CC BIMA;CENTRO ACTIVO;BOGOTA;AUTOPISTA NORTE # 232 - CC BIMA
54;54;HABLENAUD LTDA (Ver Más..);BOGOTA;CALLE 8 SUR 40 94;CENTRO ACTIVO;BOGOTA;CALLE 8 SUR 40 94
55;55;INPROSALUD - SER CONDUCTOR GALERIAS LTDA (Ver Más..);BOGOTA;CALLE 64 G # 90 A - 31 P2;CENTRO ACTIVO;BOGOTA;CALLE 64 G # 90 A - 31 P2
56;56;INSTITUTO DE RECONOCIMIENTO DE PERSONAS IRP - ALAMOS (Ver Más..);BOGOTA;DIAGONAL 63F 88A 29 LC 110;CENTRO ACTIVO;BOGOTA;DIAGONAL 63F 88A 29 LC 110
57;57;INSTITUTO DE RECONOCIMIENTO DE PERSONAS IRP - BAHIA (Ver Más..);BOGOTA;AVENIDA SUBA 124 20 LC 2 Y 8;CENTRO ACTIVO;BOGOTA;AVENIDA SUBA 124 20 LC 2 Y 8
58;58;INSTITUTO DE RECONOCIMIENTO DE PERSONAS IRP - CHAPINERO (Ver Más..);BOGOTA;CALLE 59 13 62;CENTRO ACTIVO;BOGOTA;CALLE 59 13 62
59;59;INSTITUTO DE RECONOCIMIENTO DE PERSONAS IRP - GALERIAS (Ver Más..);BOGOTA;CALLE 52 25 44;CENTRO ACTIVO;BOGOTA;CALLE 52 25 44
60;60;INSTITUTO DE RECONOCIMIENTO DE PERSONAS IRP - RESTREPO (Ver Más..);BOGOTA;CARRERA 17 19A 40 SUR;CENTRO ACTIVO;BOGOTA;CARRERA 17 19A 40 SUR
61;61;INSTITUTO DE RECONOCIMIENTO DE PERSONAS IRP - SEVILLANA (Ver Más..);BOGOTA;AVENIDA BOYACA # 51 41 SUR;CENTRO ACTIVO;BOGOTA;AVENIDA BOYACA # 51 41 SUR
62;62;IPS CERTIFICATE BOGOTA LTDA (Ver Más..);BOGOTA;DIAGONAL 63F 88 12;CENTRO ACTIVO;BOGOTA;DIAGONAL 63F 88 12
63;63;IPS PROFESIONALES EN SALUD SAS (Ver Más..);BOGOTA;CARRERA 25 #51 37;CENTRO ACTIVO;BOGOTA;CARRERA 25 #51 37
64;64;IPS SALUD INTEGRAL LA SEVILLANA SAS (Ver Más..);BOGOTA;AV BOYACA # 51A SUR -36;CENTRO ACTIVO;BOGOTA;AV BOYACA # 51A SUR -36
65;65;IPS SALUD INTEGRAL SABANA SAS (Ver Más..);BOGOTA;CRA 19 # 12-51 LC 162 PISO 2;CENTRO ACTIVO;BOGOTA;CRA 19 # 12-51 LC 162 PISO 2
66;66;IPS VIA SERVIMEG SAS (Ver Más..);BOGOTA;DG 63F 88 40;CENTRO ACTIVO;BOGOTA;DG 63F 88 40
67;67;KEYSTONE COLOMBIA SAS ALAMOS (Ver Más..);BOGOTA;DIAGONAL 63 F # 88 A 29 P-2;CENTRO ACTIVO;BOGOTA;DIAGONAL 63 F # 88 A 29 P-2
68;68;KEYSTONE COLOMBIA SAS COLSUBSIDIO (Ver Más..);BOGOTA;CALLE 27 A # 25 - 09;CENTRO ACTIVO;BOGOTA;CALLE 27 A # 25 - 09
69;69;LAGUNA BAUTE CEDRITOS (Ver Más..);BOGOTA;AVENIDA CARRERA 19 # 147-30 LOCAL 14;CENTRO ACTIVO;BOGOTA;AVENIDA CARRERA 19 # 147-30 LOCAL 14
70;70;LAGUNA BAUTE RESTREPO (Ver Más..);BOGOTA;CARRERA 17 #18-14 SUR PISO 2;CENTRO ACTIVO;BOGOTA;CARRERA 17 #18-14 SUR PISO 2
71;71;MEDI CAR IPS SAS (Ver Más..);BOGOTA;CALLE 25 SUR 69 43;CENTRO ACTIVO;BOGOTA;CALLE 25 SUR 69 43
72;72;MEDIMETRIA ESPECIALIZADA LIMITADA (Ver Más..);BOGOTA;CALLE 68 N° 23-17 PISO 1 - SIETE AGOSTO;CENTRO ACTIVO;BOGOTA;CALLE 68 N° 23-17 PISO 1 - SIETE AGOSTO
73;73;PREVITEST CRA 30 (Ver Más..);BOGOTA;CARRERA 29B BIS 67 62;CENTRO ACTIVO;BOGOTA;CARRERA 29B BIS 67 62
74;74;PREVITEST DISTRITAL (Ver Más..);BOGOTA;AVENIDA CALLE 19 36 28;CENTRO ACTIVO;BOGOTA;AVENIDA CALLE 19 36 28
75;75;PREVITEST UNICENTRO (Ver Más..);BOGOTA;CALLE 121 14A 55;CENTRO ACTIVO;BOGOTA;CALLE 121 14A 55
76;76;SIMETRC AVENIDA PRIMERA DE MAYO (Ver Más..);BOGOTA;AVENIDA PRIMERA DE MAYO Nº 70B - 24 P3 (BOGOTÁ);CENTRO ACTIVO;BOGOTA;AVENIDA PRIMERA DE MAYO Nº 70B - 24 P3 (BOGOTÁ)
77;77;SIMETRIC ALAMOS (Ver Más..);BOGOTA;CALLE 64G 90A-95 (BOGOTÁ);CENTRO ACTIVO;BOGOTA;CALLE 64G 90A-95 (BOGOTÁ)
78;78;SIMETRIC CEDRITOS (Ver Más..);BOGOTA;CALLE 147 # 19-50 LOCAL 27 (BOGOTÁ);CENTRO ACTIVO;BOGOTA;CALLE 147 # 19-50 LOCAL 27 (BOGOTÁ)
79;79;SIMETRIC NORTE (Ver Más..);BOGOTA;AVENIDA 19 # 122-33 (BOGOTÁ);CENTRO ACTIVO;BOGOTA;AVENIDA 19 # 122-33 (BOGOTÁ)
80;80;SIMETRIC SUBA (Ver Más..);BOGOTA;AVENIDA SUBA # 122 71 (BOGOTÁ);CENTRO ACTIVO;BOGOTA;AVENIDA SUBA # 122 71 (BOGOTÁ)
81;81;SIMETRIC TEQUENDAMA-GPS CONSULTORES(Ver Más..);BOGOTA;CARRERA 10 # 27 -51 OFC 311-312;CENTRO ACTIVO;BOGOTA;CARRERA 10 # 27 -51 OFC 311-312
82;82;SU PASE 7 AGOSTO (Ver Más..);BOGOTA;CALLE 68 # 23 - 11;CENTRO ACTIVO;BOGOTA;CALLE 68 # 23 - 11
83;83;SU PASE CARVAJAL (Ver Más..);BOGOTA;CARRERA 69 B # 24 A - 08 SUR;CENTRO ACTIVO;BOGOTA;CARRERA 69 B # 24 A - 08 SUR
84;84;SU PASE IPS SEVILLANA (Ver Más..);BOGOTA;AV BOYACA # 50 - 27 SUR;CENTRO ACTIVO;BOGOTA;AV BOYACA # 50 - 27 SUR
85;85;SU PASE NIZA (Ver Más..);BOGOTA;AV SUBA #124 - 20 LOCAL 14 OF 212;CENTRO ACTIVO;BOGOTA;AV SUBA #124 - 20 LOCAL 14 OF 212
86;86;TRANSMEDIC SAS (Ver Más..);BOGOTA;CALLE 52 25 80;CENTRO ACTIVO;BOGOTA;CALLE 52 25 80
87;87;ACERCA CRC SANTANDER SA (Ver Más..);BUCARAMANGA;CARRERA 27A 48 118;CENTRO ACTIVO;BUCARAMANGA;CARRERA 27A 48 118
88;88;CENTRO CLINICO ALFA SALUD LTDA (Ver Más..);BUCARAMANGA;CALLE 43 35 28;CENTRO ACTIVO;BUCARAMANGA;CALLE 43 35 28
89;89;CONFIA CRC (Ver Más..);BUCARAMANGA;CARRERA 32 49 28;CENTRO ACTIVO;BUCARAMANGA;CARRERA 32 49 28
90;90;EVALUANDO BUCARAMANGA (Ver Más..);BUCARAMANGA;CARRERA 34 # 52 - 62;CENTRO ACTIVO;BUCARAMANGA;CARRERA 34 # 52 - 62
91;91;INSTITUTO CLINICO DE SALUD ICSA SAS (Ver Más..);BUCARAMANGA;CALLE 39 22 48;CENTRO ACTIVO;BUCARAMANGA;CALLE 39 22 48
92;92;SALUD VIAL SA (Ver Más..);BUCARAMANGA;CALLE 58 30 85;CENTRO ACTIVO;BUCARAMANGA;CALLE 58 30 85
93;93;SERVISALUD I.P.S BUCARAMANGA (Ver Más..);BUCARAMANGA;CARRERA 33 # 48 - 66;CENTRO ACTIVO;BUCARAMANGA;CARRERA 33 # 48 - 66
94;94;SIMETRIC BUCARAMANGA (Ver Más..);BUCARAMANGA;CARRERA 33#52-40;CENTRO ACTIVO;BUCARAMANGA;CARRERA 33#52-40
95;95;CENTRO DE DIAGNOSTICO PSICOSENSOMETRICO DEL VALLE DEL CAUCA SAS (Ver Más..);CAICEDONIA;CALLE 9 15 68;CENTRO ACTIVO;CAICEDONIA;CALLE 9 15 68
96;96;AVALAMOS CALI CRC LTDA 1 (Ver Más..);CALI;CLL 52 # 1B- 160 LC 102 - 103;CENTRO ACTIVO;CALI;CLL 52 # 1B- 160 LC 102 - 103
97;97;AVALAMOS CRC No. 2 (Ver Más..);CALI;CRA 3 # 58- 05 P 2;CENTRO ACTIVO;CALI;CRA 3 # 58- 05 P 2
98;98;AVALAMOS CRC No. 3 (Ver Más..);CALI;CALLE 98 A # 25-130 LC 25-26;CENTRO ACTIVO;CALI;CALLE 98 A # 25-130 LC 25-26
99;99;CENTRO DE RECONOCIMIENTO DE CALI LTDA(Ver Más..);CALI;CARRERA 3 57 29 P 2;CENTRO ACTIVO;CALI;CARRERA 3 57 29 P 2
100;100;CENTRO DE RECONOCIMIENTO DE CONDUCTORES A-PRUEBA CALI AVENIDA 5 (Ver Más..);CALI;CALLE 5 46 83 LOCAL 201;CENTRO ACTIVO;CALI;CALLE 5 46 83 LOCAL 201
101;101;CENTRO DE RECONOCIMIENTO DE CONDUCTORES A-PRUEBA UT CALI (Ver Más..);CALI;AUTOPISTA CALI YUMBO CALLE 70 NORTE # 3BN-200;CENTRO ACTIVO;CALI;AUTOPISTA CALI YUMBO CALLE 70 NORTE # 3BN-200
102;102;CERC ROOSEVELT S.A. (Ver Más..);CALI;AVENIDA ROOSVELT 38 43 P 2;CENTRO ACTIVO;CALI;AVENIDA ROOSVELT 38 43 P 2
103;103;CRC 355 CALI SALOMIA (Ver Más..);CALI;CALLE 52 2 B1 22;CENTRO ACTIVO;CALI;CALLE 52 2 B1 22
104;104;EVALUAMOS CONDUCTORES IPS SAS (Ver Más..);CALI;CALLE 57 2D 20 PISO 2 Y 3;CENTRO ACTIVO;CALI;CALLE 57 2D 20 PISO 2 Y 3
105;105;INPROSALUD - SER CONDUCTOR CALI (Ver Más..);CALI;CARRERA 94 A # 42-12 PISO 2;CENTRO ACTIVO;CALI;CARRERA 94 A # 42-12 PISO 2
106;106;INTRAS CENTRO DE RECONOCIMIENTO DE CONDUCTORES S.A. – INTRAS C.R.C. S.A (Ver Más..);CALI;CARRERA 100 # 15 A - 61 LOCAL 216 C.C AVENTURA PLAZA;CENTRO ACTIVO;CALI;CARRERA 100 # 15 A - 61 LOCAL 216 C.C AVENTURA PLAZA
107;107;MEDICOS DEL TRANSPORTE SAS - MEDITRANSC SAS (Ver Más..);CALI;CARRERA 3 57 77 PISO 2;CENTRO ACTIVO;CALI;CARRERA 3 57 77 PISO 2
108;108;ORGANISMO CERTIFICACION DE PERSONAS VALLE DEL CAUCA IPS SAS (Ver Más..);CALI;CALLE 10 31 93 PISO 2;CENTRO ACTIVO;CALI;CALLE 10 31 93 PISO 2
109;109;SIMETRIC CALI CANDELARIA (Ver Más..);CALI;CALLE 70 # 7TBIS - 67 SEGUNDO PISO (CALI);CENTRO ACTIVO;CALI;CALLE 70 # 7TBIS - 67 SEGUNDO PISO (CALI)
110;110;SIMETRIC CALI NORTE (Ver Más..);CALI;CALLE 70 # 3CN-275 LOCAL 9 (CALI);CENTRO ACTIVO;CALI;CALLE 70 # 3CN-275 LOCAL 9 (CALI)
111;111;CONDUTEST S.A. (Ver Más..);CANDELARIA;CALLE 94 8B 13;CENTRO ACTIVO;CANDELARIA;CALLE 94 8B 13
112;112;CERECSA CENTRO DE RECONOCIMIENTO DE CONDUCTORES SA IPS (Ver Más..);CARTAGENA;MARBELLA AV SANTANDER #46A 96 LOCAL 8;CENTRO ACTIVO;CARTAGENA;MARBELLA AV SANTANDER #46A 96 LOCAL 8
113;113;CRC 260 CARTAGENA (Ver Más..);CARTAGENA;MARBELLA. AVENIDA SANTANDER 46B 06 LC 7 ED MAR DEL NORTE;CENTRO ACTIVO;CARTAGENA;MARBELLA. AVENIDA SANTANDER 46B 06 LC 7 ED MAR DEL NORTE
114;114;SIMETRIC CARTAGENA (Ver Más..);CARTAGENA;AVENIDA DEL ARSENAL #10-49 2P;CENTRO ACTIVO;CARTAGENA;AVENIDA DEL ARSENAL #10-49 2P
115;115;CENTRO MEDICO SALUD VITAL EJE CAFETERO SAS (Ver Más..);CARTAGO;CALLE 10 14 94;CENTRO ACTIVO;CARTAGO;CALLE 10 14 94
116;116;INPROSALUD - SER CONDUCTOR CAUCASIA(Ver Más..);CAUCASIA;DIAGONAL 20C # 12-26 PISO 2;CENTRO ACTIVO;CAUCASIA;DIAGONAL 20C # 12-26 PISO 2
117;117;SIMETRIC CHIA (Ver Más..);CHIA;AVENIDA PRADILLA # 8 -44 (CHÍA);CENTRO ACTIVO;CHIA;AVENIDA PRADILLA # 8 -44 (CHÍA)
118;118;GRUPO MEDICAS SEDE 3 (Ver Más..);CHIQUINQUIRA;CALLE 9A # 9 - 46;CENTRO ACTIVO;CHIQUINQUIRA;CALLE 9A # 9 - 46
119;119;CRC COLOMBIANO DEL URABA (Ver Más..);CHIROGODO;CALLE 96 # 99 A-38;CENTRO ACTIVO;CHIROGODO;CALLE 96 # 99 A-38
120;120;A-PRUEBA CUCUTA CENTRO (Ver Más..);CUCUTA;AVENIDA 3 # 17-19;CENTRO ACTIVO;CUCUTA;AVENIDA 3 # 17-19
121;121;CERTINTEGRAL CUCUTA (Ver Más..);CUCUTA;CENTRO COMERCIAL BOLIVAR LOCAL E23 SAN MATEO - AV DEMETRIO MENDOZA SAN MATEO;CENTRO ACTIVO;CUCUTA;CENTRO COMERCIAL BOLIVAR LOCAL E23 SAN MATEO - AV DEMETRIO MENDOZA SAN MATEO
122;122;EVALUACION Y TECNOLOGIA LTDA (Ver Más..);CUCUTA;CENTRO COMERCIAL BOLIVAR LC E-10 - AV DEMETRIO MENDOZA SAN MATEO;CENTRO ACTIVO;CUCUTA;CENTRO COMERCIAL BOLIVAR LC E-10 - AV DEMETRIO MENDOZA SAN MATEO
123;123;EVALUANDO CUCUTA (Ver Más..);CUCUTA;CENTRO COMERCIAL BOLIVAR LC E21 - AV DEMETRIO MENDIZA BARRIO SAN MATEO;CENTRO ACTIVO;CUCUTA;CENTRO COMERCIAL BOLIVAR LC E21 - AV DEMETRIO MENDIZA BARRIO SAN MATEO
124;124;INPROSALUD - CRC EXAMINAR CUCUTA (Ver Más..);CUCUTA;AVENIDA 1 # 9 - 76 LOCAL 202;CENTRO ACTIVO;CUCUTA;AVENIDA 1 # 9 - 76 LOCAL 202
125;125;SIMETRIC CUCUTA (Ver Más..);CUCUTA;AVENIDA 3 # 19-26 2 PISO;CENTRO ACTIVO;CUCUTA;AVENIDA 3 # 19-26 2 PISO
126;126;CENTRO DE RECONOCIMIENTO DE CONDUCTORES DEL NORTE CRC SAS (Ver Más..);DONMATIAS;CALLE 29 30 39;CENTRO ACTIVO;DONMATIAS;CALLE 29 30 39
127;127;EVALUANDO DOSQUEBRADAS (Ver Más..);DOSQUEBRADAS;CARRERA 16 # 32 - 18;CENTRO ACTIVO;DOSQUEBRADAS;CARRERA 16 # 32 - 18
128;128;INPROSALUD - CONDUSER UNO LTDA (Ver Más..);DOSQUEBRADAS;CARRERA 15 BIS # 38 - 41;CENTRO ACTIVO;DOSQUEBRADAS;CARRERA 15 BIS # 38 - 41
129;129;SIMETRIC DOSQUEBRADAS (Ver Más..);DOSQUEBRADAS;CARRERA 16 # 32 56 LC 11/12/13;CENTRO ACTIVO;DOSQUEBRADAS;CARRERA 16 # 32 56 LC 11/12/13
130;130;CENTRO DE RECONOCIMIENTO DE CONDUCTORES CONDUSALUD IPS SAS (Ver Más..);DUITAMA;CARRERA 15 11 41;CENTRO ACTIVO;DUITAMA;CARRERA 15 11 41
131;131;CRC SALUBOY IPS SAS (Ver Más..);DUITAMA;CALLE 19 20 23;CENTRO ACTIVO;DUITAMA;CALLE 19 20 23
132;132;MAIFESALUD LTDA (Ver Más..);DUITAMA;CALLE 18 20 61;CENTRO ACTIVO;DUITAMA;CALLE 18 20 61
133;133;INPROSALUD - CRC MAGDALENA (Ver Más..);EL BANCO;CALLE 7 # 17-46;CENTRO ACTIVO;EL BANCO;CALLE 7 # 17-46
134;134;CRC PATIA (Ver Más..);EL BORDO - CAUCA;CARRERA 6 # 4-77;CENTRO ACTIVO;EL BORDO - CAUCA;CARRERA 6 # 4-77
135;135;INPROSALUD - CRC 203 ENVIGADO (Ver Más..);ENVIGADO;CARRERA 48 # 49 SUR - 40 AVENIDA LAS VEGAS;CENTRO ACTIVO;ENVIGADO;CARRERA 48 # 49 SUR - 40 AVENIDA LAS VEGAS
136;136;INVERSIONES EN SEGURIDAD Y SALUD SAS(Ver Más..);ENVIGADO;CALLE 38A SUR 41 71 INT 203;CENTRO ACTIVO;ENVIGADO;CALLE 38A SUR 41 71 INT 203
137;137;A-PRUEBA ESPINAL (Ver Más..);ESPINAL;CALLE 11 # 8-63;CENTRO ACTIVO;ESPINAL;CALLE 11 # 8-63
138;138;CRC 109 EL ESPINAL (Ver Más..);ESPINAL;CARRERA 7 # 10-01 P-4;CENTRO ACTIVO;ESPINAL;CARRERA 7 # 10-01 P-4
139;139;KEYSTONE COLOMBIA SAS FACATATIVA (Ver Más..);FACATATIVA;CARRERA 3 # 2 - 51 P-2;CENTRO ACTIVO;FACATATIVA;CARRERA 3 # 2 - 51 P-2
140;140;CRC 104 CONDUSALUD FLORENCIA (Ver Más..);FLORENCIA;CALLE 17 6 57;CENTRO ACTIVO;FLORENCIA;CALLE 17 6 57
141;141;MAXITEST IPS SAS (Ver Más..);FLORENCIA;CARRERA 10 5A 06 LAS AVENIDAS;CENTRO ACTIVO;FLORENCIA;CARRERA 10 5A 06 LAS AVENIDAS
142;142;PASE YA FLORIDA SA (Ver Más..);FLORIDA;CALLE 8 20 16 BARRIO PUERTO NUEVO;CENTRO ACTIVO;FLORIDA;CALLE 8 20 16 BARRIO PUERTO NUEVO
143;143;EVALUANDO FLORIDABLANCA (Ver Más..);FLORIDABLANCA;CARRERA 8 # 9 - 06 PISO 3 BARRIO CENTRO;CENTRO ACTIVO;FLORIDABLANCA;CARRERA 8 # 9 - 06 PISO 3 BARRIO CENTRO
144;144;SERVISALUD I.P.S FLORIDABLANCA (Ver Más..);FLORIDABLANCA;CARRERA 8 # 9 – 02;CENTRO ACTIVO;FLORIDABLANCA;CARRERA 8 # 9 – 02
145;145;CENTRO DE RECONOCIMIENTO DRIVER SAS(Ver Más..);FUNDACION;CALLE 8 5 17 PISO 2;CENTRO ACTIVO;FUNDACION;CALLE 8 5 17 PISO 2
146;146;CRC FUNZA 162 (Ver Más..);FUNZA;CALLE 14 # 10-92 PISO 2;CENTRO ACTIVO;FUNZA;CALLE 14 # 10-92 PISO 2
147;147;INPROSALUD - SER CONDUCTOR CALLE 53 (Ver Más..);FUNZA;KILOMETRO 1.5 VÍA BOGOTÁ, MOSQUERA URBANIZACION INDUSTRIAL SAN CARLOS 1 LOCAL 2.;CENTRO ACTIVO;FUNZA;KILOMETRO 1.5 VÍA BOGOTÁ, MOSQUERA URBANIZACION INDUSTRIAL SAN CARLOS 1 LOCAL 2.
148;;;;;;;
149;;;;;;;
150;;;;;;;
151;;;;;;;
152;;;;;;;
153;;;;;;;
154;;;;;;;
155;;;;;;;
156;;;;;;;
157;;;;;;;
158;;;;;;;
159;;;;;;;
160;;;;;;;
161;;;;;;;
162;;;;;;;
163;;;;;;;
164;;;;;;;
165;;;;;;;
166;;;;;;;
167;;;;;;;
168;;;;;;;
169;;;;;;;
170;;;;;;;
171;;;;;;;
172;;;;;;;
173;;;;;;;
174;;;;;;;
175;;;;;;;
176;;;;;;;
177;;;;;;;
178;;;;;;;
179;;;;;;;
180;;;;;;;
181;;;;;;;
182;;;;;;;
183;;;;;;;
184;;;;;;;
185;;;;;;;
186;;;;;;;
187;;;;;;;
188;;;;;;;
189;;;;;;;
190;;;;;;;
191;;;;;;;
192;;;;;;;
193;;;;;;;
194;;;;;;;
195;;;;;;;
196;;;;;;;
197;;;;;;;
198;;;;;;;
199;;;;;;;
200;;;;;;;
201;;;;;;;
202;;;;;;;
203;;;;;;;
204;;;;;;;
205;;;;;;;
206;;;;;;;
207;;;;;;;
208;;;;;;;
209;;;;;;;
210;;;;;;;
211;;;;;;;
212;;;;;;;
213;;;;;;;
214;;;;;;;
215;;;;;;;
216;;;;;;;
217;;;;;;;
218;;;;;;;
219;;;;;;;
220;;;;;;;
221;;;;;;;
222;;;;;;;
223;;;;;;;
224;;;;;;;
225;;;;;;;
226;;;;;;;
227;;;;;;;
228;;;;;;;
229;;;;;;;
230;;;;;;;
231;;;;;;;
232;;;;;;;
233;;;;;;;
234;;;;;;;
235;;;;;;;
236;;;;;;;
237;;;;;;;
238;;;;;;;
239;;;;;;;
240;;;;;;;
241;;;;;;;
242;;;;;;;
243;;;;;;;
244;;;;;;;
245;;;;;;;
246;;;;;;;
247;;;;;;;
248;;;;;;;
249;;;;;;;
250;;;;;;;
251;;;;;;;
252;;;;;;;
253;;;;;;;
254;;;;;;;
255;;;;;;;
256;;;;;;;
257;;;;;;;
258;;;;;;;
259;;;;;;;
260;;;;;;;
261;;;;;;;
262;;;;;;;
263;;;;;;;
264;;;;;;;
265;;;;;;;
266;;;;;;;
267;;;;;;;
268;;;;;;;
269;;;;;;;
270;;;;;;;
271;;;;;;;
272;;;;;;;
273;;;;;;;
274;;;;;;;
275;;;;;;;
276;;;;;;;
277;;;;;;;
278;;;;;;;
279;;;;;;;
280;;;;;;;
281;;;;;;;
282;;;;;;;
283;;;;;;;
284;;;;;;;
285;;;;;;;
286;;;;;;;
287;;;;;;;
288;;;;;;;
289;;;;;;;
290;;;;;;;
291;;;;;;;
292;;;;;;;
293;;;;;;;
294;;;;;;;
295;;;;;;;
296;;;;;;;
297;;;;;;;
298;;;;;;;
299;;;;;;;
300;;;;;;;
301;;;;;;;
302;;;;;;;
303;;;;;;;
304;;;;;;;
305;;;;;;;
306;;;;;;;
307;;;;;;;
308;;;;;;;
309;;;;;;;
310;;;;;;;
311;;;;;;;
312;;;;;;;
313;;;;;;;
314;;;;;;;
315;;;;;;;
316;;;;;;;
317;;;;;;;
318;;;;;;;
319;;;;;;;
320;;;;;;;
321;;;;;;;
322;;;;;;;
323;;;;;;;
324;;;;;;;
325;;;;;;;
326;;;;;;;
327;;;;;;;
328;;;;;;;
329;;;;;;;
330;;;;;;;
331;;;;;;;
332;;;;;;;
333;;;;;;;
334;;;;;;;
335;;;;;;;
336;;;;;;;
337;;;;;;;
338;;;;;;;
339;;;;;;;
340;;;;;;;
341;;;;;;;
342;;;;;;;
343;;;;;;;
344;;;;;;;
345;;;;;;;
346;;;;;;;
347;;;;;;;
348;;;;;;;
349;;;;;;;
350;;;;;;;
351;;;;;;;
352;;;;;;;
353;;;;;;;
354;;;;;;;
355;;;;;;;
356;;;;;;;
357;;;;;;;
358;;;;;;;
359;;;;;;;
360;;;;;;;
361;;;;;;;
362;;;;;;;
363;;;;;;;
364;;;;;;;
365;;;;;;;
366;;;;;;;
367;;;;;;;
